[debug] [2025-07-06T04:09:47.438Z] ----------------------------------------------------------------------
[debug] [2025-07-06T04:09:47.441Z] Command:       /root/.nvm/versions/node/v20.19.2/bin/node /root/.nvm/versions/node/v20.19.2/bin/firebase deploy --only hosting,functions
[debug] [2025-07-06T04:09:47.442Z] CLI Version:   14.9.0
[debug] [2025-07-06T04:09:47.442Z] Platform:      linux
[debug] [2025-07-06T04:09:47.442Z] Node Version:  v20.19.2
[debug] [2025-07-06T04:09:47.442Z] Time:          Sat Jul 05 2025 23:09:47 GMT-0500 (Central Daylight Time)
[debug] [2025-07-06T04:09:47.442Z] ----------------------------------------------------------------------
[debug] 
[debug] [2025-07-06T04:09:47.627Z] > command requires scopes: ["email","openid","https://www.googleapis.com/auth/cloudplatformprojects.readonly","https://www.googleapis.com/auth/firebase","https://www.googleapis.com/auth/cloud-platform"]
[debug] [2025-07-06T04:09:47.627Z] > authorizing via signed-in user (lucasschottler@gmail.com)
[debug] [2025-07-06T04:09:47.627Z] [iam] checking project earthpol-insights for permissions ["firebase.projects.get","firebasehosting.sites.update"]
[debug] [2025-07-06T04:09:47.628Z] Checked if tokens are valid: false, expires at: 1751732342749
[debug] [2025-07-06T04:09:47.629Z] Checked if tokens are valid: false, expires at: 1751732342749
[debug] [2025-07-06T04:09:47.629Z] > refreshing access token with scopes: []
[debug] [2025-07-06T04:09:47.630Z] >>> [apiv2][query] POST https://www.googleapis.com/oauth2/v3/token [none]
[debug] [2025-07-06T04:09:47.630Z] >>> [apiv2][body] POST https://www.googleapis.com/oauth2/v3/token [omitted]
[debug] [2025-07-06T04:09:48.010Z] <<< [apiv2][status] POST https://www.googleapis.com/oauth2/v3/token 200
[debug] [2025-07-06T04:09:48.011Z] <<< [apiv2][body] POST https://www.googleapis.com/oauth2/v3/token [omitted]
[debug] [2025-07-06T04:09:48.148Z] >>> [apiv2][query] POST https://cloudresourcemanager.googleapis.com/v1/projects/earthpol-insights:testIamPermissions [none]
[debug] [2025-07-06T04:09:48.148Z] >>> [apiv2][(partial)header] POST https://cloudresourcemanager.googleapis.com/v1/projects/earthpol-insights:testIamPermissions x-goog-quota-user=projects/earthpol-insights
[debug] [2025-07-06T04:09:48.148Z] >>> [apiv2][body] POST https://cloudresourcemanager.googleapis.com/v1/projects/earthpol-insights:testIamPermissions {"permissions":["firebase.projects.get","firebasehosting.sites.update"]}
[debug] [2025-07-06T04:09:48.488Z] <<< [apiv2][status] POST https://cloudresourcemanager.googleapis.com/v1/projects/earthpol-insights:testIamPermissions 200
[debug] [2025-07-06T04:09:48.488Z] <<< [apiv2][body] POST https://cloudresourcemanager.googleapis.com/v1/projects/earthpol-insights:testIamPermissions {"permissions":["firebase.projects.get","firebasehosting.sites.update"]}
[debug] [2025-07-06T04:09:48.489Z] Checked if tokens are valid: true, expires at: 1751778587011
[debug] [2025-07-06T04:09:48.489Z] Checked if tokens are valid: true, expires at: 1751778587011
[debug] [2025-07-06T04:09:48.489Z] >>> [apiv2][query] GET https://firebase.googleapis.com/v1beta1/projects/earthpol-insights [none]
[debug] [2025-07-06T04:09:48.873Z] <<< [apiv2][status] GET https://firebase.googleapis.com/v1beta1/projects/earthpol-insights 200
[debug] [2025-07-06T04:09:48.873Z] <<< [apiv2][body] GET https://firebase.googleapis.com/v1beta1/projects/earthpol-insights {"projectId":"earthpol-insights","projectNumber":"550138244897","displayName":"EarthPol-Insights","name":"projects/earthpol-insights","resources":{"hostingSite":"earthpol-insights"},"state":"ACTIVE","etag":"1_2062002f-f9ab-488e-977a-c377c07c3bf6"}
[debug] [2025-07-06T04:09:50.214Z] defaultcredentials: writing to file /root/.config/firebase/lucasschottler_gmail_com_application_default_credentials.json
[debug] [2025-07-06T04:09:50.215Z] Checked if tokens are valid: true, expires at: 1751778587011
[debug] [2025-07-06T04:09:50.216Z] Checked if tokens are valid: true, expires at: 1751778587011
[debug] [2025-07-06T04:09:50.216Z] >>> [apiv2][query] GET https://firebasehosting.googleapis.com/v1beta1/projects/earthpol-insights/sites pageToken=&pageSize=10
[debug] [2025-07-06T04:09:50.722Z] <<< [apiv2][status] GET https://firebasehosting.googleapis.com/v1beta1/projects/earthpol-insights/sites 200
[debug] [2025-07-06T04:09:50.722Z] <<< [apiv2][body] GET https://firebasehosting.googleapis.com/v1beta1/projects/earthpol-insights/sites {"sites":[{"name":"projects/earthpol-insights/sites/earthpol-insights","defaultUrl":"https://earthpol-insights.web.app","type":"DEFAULT_SITE"}]}
[debug] [2025-07-06T04:09:50.723Z] Checked if tokens are valid: true, expires at: 1751778587011
[debug] [2025-07-06T04:09:50.723Z] Checked if tokens are valid: true, expires at: 1751778587011
[debug] [2025-07-06T04:09:50.723Z] >>> [apiv2][query] GET https://firebasehosting.googleapis.com/v1beta1/projects/earthpol-insights/sites 
[debug] [2025-07-06T04:09:50.913Z] <<< [apiv2][status] GET https://firebasehosting.googleapis.com/v1beta1/projects/earthpol-insights/sites 200
[debug] [2025-07-06T04:09:50.914Z] <<< [apiv2][body] GET https://firebasehosting.googleapis.com/v1beta1/projects/earthpol-insights/sites {"sites":[{"name":"projects/earthpol-insights/sites/earthpol-insights","defaultUrl":"https://earthpol-insights.web.app","type":"DEFAULT_SITE"}]}
[debug] [2025-07-06T04:09:50.914Z] Checked if tokens are valid: true, expires at: 1751778587011
[debug] [2025-07-06T04:09:50.914Z] Checked if tokens are valid: true, expires at: 1751778587011
[debug] [2025-07-06T04:09:50.914Z] >>> [apiv2][query] GET https://firebase.googleapis.com/v1beta1/projects/earthpol-insights/webApps/-/config [none]
[debug] [2025-07-06T04:09:51.181Z] <<< [apiv2][status] GET https://firebase.googleapis.com/v1beta1/projects/earthpol-insights/webApps/-/config 200
[debug] [2025-07-06T04:09:51.181Z] <<< [apiv2][body] GET https://firebase.googleapis.com/v1beta1/projects/earthpol-insights/webApps/-/config {"projectId":"earthpol-insights","appId":"1:550138244897:web:43fe595ea9bf57f7f29860","storageBucket":"earthpol-insights.firebasestorage.app","apiKey":"AIzaSyDgsO-AlUIsBrbKd8GDBygCMiOzqmSFv60","authDomain":"earthpol-insights.firebaseapp.com","messagingSenderId":"550138244897","measurementId":"G-28X0Q0LFBF"}
[info] 
   Thank you for trying our early preview of Next.js support on Firebase Hosting.
   During the preview, support is best-effort and breaking changes can be expected. Proceed with caution.
   The integration is known to work with Next.js version 12 - 15.0. You may encounter errors.

   Documentation: https://firebase.google.com/docs/hosting/frameworks/nextjs
   File a bug: https://github.com/firebase/firebase-tools/issues/new?template=bug_report.md
   Submit a feature request: https://github.com/firebase/firebase-tools/issues/new?template=feature_request.md

   We'd love to learn from you. Express your interest in helping us shape the future of Firebase Hosting: https://goo.gle/41enW5X

[debug] [2025-07-06T04:09:53.468Z] Checked if tokens are valid: true, expires at: 1751778587011
[debug] [2025-07-06T04:09:53.468Z] Checked if tokens are valid: true, expires at: 1751778587011
[debug] [2025-07-06T04:09:53.468Z] >>> [apiv2][query] GET https://firebasehosting.googleapis.com/v1beta1/projects/earthpol-insights/sites/earthpol-insights [none]
[debug] [2025-07-06T04:09:53.607Z] <<< [apiv2][status] GET https://firebasehosting.googleapis.com/v1beta1/projects/earthpol-insights/sites/earthpol-insights 200
[debug] [2025-07-06T04:09:53.607Z] <<< [apiv2][body] GET https://firebasehosting.googleapis.com/v1beta1/projects/earthpol-insights/sites/earthpol-insights {"name":"projects/earthpol-insights/sites/earthpol-insights","defaultUrl":"https://earthpol-insights.web.app","type":"DEFAULT_SITE"}
[info]    ▲ Next.js 15.2.0-canary.1

[info]    - Environments: .env.local


[info]    Creating an optimized production build ...

[info]  ✓ Compiled successfully

[info]    Linting and checking validity of types ...

[info]    Collecting page data ...

[info]    Generating static pages (0/16) ...

[info]    Generating static pages (4/16) 

[info]    Generating static pages (8/16) 
   Generating static pages (12/16) 
 ✓ Generating static pages (16/16)

[info]    Finalizing page optimization ...

[info]    Collecting build traces ...

[info] 

[info] Route (app)                              Size     First Load JS
┌ ○ /                                    941 B           112 kB
├ ○ /_not-found                          979 B           108 kB
├ ƒ /api/chat                            156 B           108 kB
├ ƒ /api/discord-invite                  156 B           108 kB
├ ƒ /api/endpoints                       156 B           108 kB
├ ƒ /api/location                        156 B           108 kB
├ ƒ /api/nations                         156 B           108 kB
├ ƒ /api/players                         156 B           108 kB
├ ƒ /api/shop                            156 B           108 kB
├ ƒ /api/towns                           156 B           108 kB
├ ○ /location                            1.82 kB         116 kB
├ ƒ /nation/[uuid]                       551 B           115 kB
├ ○ /nationList                          3.08 kB         114 kB
├ ƒ /players/[uuid]                      2.93 kB         124 kB
├ ○ /shops                               2.37 kB         123 kB
├ ƒ /shops/[uuid]                        338 B           121 kB
├ ƒ /shops/nation/[uuid]                 2.67 kB         123 kB
├ ƒ /shops/town/[uuid]                   2.65 kB         123 kB
├ ƒ /town/[uuid]                         3.37 kB         114 kB
└ ○ /townList                            2.73 kB         114 kB
+ First Load JS shared by all            107 kB
  ├ chunks/4bd1b696-fadc4ed8db61747e.js  53 kB
  ├ chunks/517-9d109510f6b0d4c6.js       52.6 kB
  └ other shared chunks (total)          1.91 kB



[info] ○  (Static)   prerendered as static content
ƒ  (Dynamic)  server-rendered on demand


[info] Building a Cloud Function to run this application. This is needed due to:
[info]  • non-static component /api/endpoints/route
[info]  • non-static component /api/chat/route
[info]  • non-static component /api/discord-invite/route
[info]  • non-static component /api/location/route
[info]  • non-static component /api/nations/route
[debug] [2025-07-06T04:10:15.966Z]  • non-static component /api/players/route
[debug] [2025-07-06T04:10:15.966Z]  • non-static component /api/shop/route
[debug] [2025-07-06T04:10:15.966Z]  • non-static component /api/towns/route
[debug] [2025-07-06T04:10:15.966Z]  • non-static component /nation/[uuid]/page
[debug] [2025-07-06T04:10:15.966Z]  • non-static component /shops/[uuid]/page
[debug] [2025-07-06T04:10:15.966Z]  • non-static component /players/[uuid]/page
[debug] [2025-07-06T04:10:15.966Z]  • non-static component /shops/nation/[uuid]/page
[debug] [2025-07-06T04:10:15.966Z]  • non-static component /shops/town/[uuid]/page
[debug] [2025-07-06T04:10:15.966Z]  • non-static component /town/[uuid]/page
[info]  • and 9 other reasons, use --debug to see more
[info] 
[debug] [2025-07-06T04:10:16.112Z] Checked if tokens are valid: true, expires at: 1751778587011
[debug] [2025-07-06T04:10:16.112Z] Checked if tokens are valid: true, expires at: 1751778587011
[debug] [2025-07-06T04:10:16.112Z] >>> [apiv2][query] GET https://firebasehosting.googleapis.com/v1beta1/projects/earthpol-insights/sites/earthpol-insights [none]
[debug] [2025-07-06T04:10:16.437Z] <<< [apiv2][status] GET https://firebasehosting.googleapis.com/v1beta1/projects/earthpol-insights/sites/earthpol-insights 200
[debug] [2025-07-06T04:10:16.437Z] <<< [apiv2][body] GET https://firebasehosting.googleapis.com/v1beta1/projects/earthpol-insights/sites/earthpol-insights {"name":"projects/earthpol-insights/sites/earthpol-insights","defaultUrl":"https://earthpol-insights.web.app","type":"DEFAULT_SITE"}
[debug] [2025-07-06T04:10:21.485Z] [web frameworks] effective firebase.json:  {
  "hosting": [
    {
      "source": ".",
      "ignore": [
        "firebase.json",
        "**/.*",
        "**/node_modules/**"
      ],
      "frameworksBackend": {
        "region": "us-central1"
      },
      "site": "earthpol-insights",
      "rewrites": [
        {
          "source": "/**",
          "function": {
            "functionId": "ssrearthpolinsights",
            "region": "us-central1",
            "pinTag": true
          }
        }
      ],
      "redirects": [],
      "headers": [
        {
          "source": "/_not-found",
          "headers": [
            {
              "key": "x-nextjs-stale-time",
              "value": "4294967294"
            },
            {
              "key": "x-nextjs-prerender",
              "value": "1"
            },
            {
              "key": "x-next-cache-tags",
              "value": "_N_T_/layout,_N_T_/_not-found/layout,_N_T_/_not-found/page,_N_T_/_not-found"
            }
          ]
        },
        {
          "source": "/location",
          "headers": [
            {
              "key": "x-nextjs-stale-time",
              "value": "4294967294"
            },
            {
              "key": "x-nextjs-prerender",
              "value": "1"
            },
            {
              "key": "x-next-cache-tags",
              "value": "_N_T_/layout,_N_T_/location/layout,_N_T_/location/page,_N_T_/location"
            }
          ]
        },
        {
          "source": "/nationList",
          "headers": [
            {
              "key": "x-nextjs-stale-time",
              "value": "4294967294"
            },
            {
              "key": "x-nextjs-prerender",
              "value": "1"
            },
            {
              "key": "x-next-cache-tags",
              "value": "_N_T_/layout,_N_T_/nationList/layout,_N_T_/nationList/page,_N_T_/nationList"
            }
          ]
        },
        {
          "source": "/townList",
          "headers": [
            {
              "key": "x-nextjs-stale-time",
              "value": "4294967294"
            },
            {
              "key": "x-nextjs-prerender",
              "value": "1"
            },
            {
              "key": "x-next-cache-tags",
              "value": "_N_T_/layout,_N_T_/townList/layout,_N_T_/townList/page,_N_T_/townList"
            }
          ]
        },
        {
          "source": "/shops",
          "headers": [
            {
              "key": "x-nextjs-stale-time",
              "value": "4294967294"
            },
            {
              "key": "x-nextjs-prerender",
              "value": "1"
            },
            {
              "key": "x-next-cache-tags",
              "value": "_N_T_/layout,_N_T_/shops/layout,_N_T_/shops/page,_N_T_/shops"
            }
          ]
        },
        {
          "source": "/**/*.[jt]s",
          "headers": [
            {
              "key": "Set-Cookie",
              "value": "__FIREBASE_DEFAULTS__=eyJjb25maWciOnsicHJvamVjdElkIjoiZWFydGhwb2wtaW5zaWdodHMiLCJhcHBJZCI6IjE6NTUwMTM4MjQ0ODk3OndlYjo0M2ZlNTk1ZWE5YmY1N2Y3ZjI5ODYwIiwic3RvcmFnZUJ1Y2tldCI6ImVhcnRocG9sLWluc2lnaHRzLmZpcmViYXNlc3RvcmFnZS5hcHAiLCJhcGlLZXkiOiJBSXphU3lEZ3NPLUFsVUlzQnJiS2Q4R0RCeWdDTWlPenFtU0Z2NjAiLCJhdXRoRG9tYWluIjoiZWFydGhwb2wtaW5zaWdodHMuZmlyZWJhc2VhcHAuY29tIiwibWVzc2FnaW5nU2VuZGVySWQiOiI1NTAxMzgyNDQ4OTciLCJtZWFzdXJlbWVudElkIjoiRy0yOFgwUTBMRkJGIn0sIl9hdXRoVG9rZW5TeW5jVVJMIjoiL19fc2Vzc2lvbiJ9; SameSite=Strict; Expires=2027-05-31T14:50:21.485Z; Path=/;"
            }
          ]
        }
      ],
      "cleanUrls": true,
      "trailingSlash": false,
      "public": ".firebase/earthpol-insights/hosting",
      "webFramework": "next_ssr"
    }
  ],
  "functions": [
    {
      "source": ".firebase/earthpol-insights/functions",
      "codebase": "firebase-frameworks-earthpol-insights"
    }
  ]
}
[debug] [2025-07-06T04:10:21.486Z] > command requires scopes: ["email","openid","https://www.googleapis.com/auth/cloudplatformprojects.readonly","https://www.googleapis.com/auth/firebase","https://www.googleapis.com/auth/cloud-platform"]
[debug] [2025-07-06T04:10:21.486Z] > authorizing via signed-in user (lucasschottler@gmail.com)
[debug] [2025-07-06T04:10:21.486Z] [iam] checking project earthpol-insights for permissions ["cloudfunctions.functions.create","cloudfunctions.functions.delete","cloudfunctions.functions.get","cloudfunctions.functions.list","cloudfunctions.functions.update","cloudfunctions.operations.get","firebase.projects.get"]
[debug] [2025-07-06T04:10:21.486Z] Checked if tokens are valid: true, expires at: 1751778587011
[debug] [2025-07-06T04:10:21.486Z] Checked if tokens are valid: true, expires at: 1751778587011
[debug] [2025-07-06T04:10:21.486Z] >>> [apiv2][query] POST https://cloudresourcemanager.googleapis.com/v1/projects/earthpol-insights:testIamPermissions [none]
[debug] [2025-07-06T04:10:21.487Z] >>> [apiv2][(partial)header] POST https://cloudresourcemanager.googleapis.com/v1/projects/earthpol-insights:testIamPermissions x-goog-quota-user=projects/earthpol-insights
[debug] [2025-07-06T04:10:21.487Z] >>> [apiv2][body] POST https://cloudresourcemanager.googleapis.com/v1/projects/earthpol-insights:testIamPermissions {"permissions":["cloudfunctions.functions.create","cloudfunctions.functions.delete","cloudfunctions.functions.get","cloudfunctions.functions.list","cloudfunctions.functions.update","cloudfunctions.operations.get","firebase.projects.get"]}
[debug] [2025-07-06T04:10:21.847Z] <<< [apiv2][status] POST https://cloudresourcemanager.googleapis.com/v1/projects/earthpol-insights:testIamPermissions 200
[debug] [2025-07-06T04:10:21.847Z] <<< [apiv2][body] POST https://cloudresourcemanager.googleapis.com/v1/projects/earthpol-insights:testIamPermissions {"permissions":["cloudfunctions.functions.create","cloudfunctions.functions.delete","cloudfunctions.functions.get","cloudfunctions.functions.list","cloudfunctions.functions.update","cloudfunctions.operations.get","firebase.projects.get"]}
[debug] [2025-07-06T04:10:21.848Z] Checked if tokens are valid: true, expires at: 1751778587011
[debug] [2025-07-06T04:10:21.848Z] Checked if tokens are valid: true, expires at: 1751778587011
[debug] [2025-07-06T04:10:21.848Z] >>> [apiv2][query] GET https://cloudfunctions.googleapis.com/v1/projects/earthpol-insights/locations/-/functions [none]
[debug] [2025-07-06T04:10:22.460Z] <<< [apiv2][status] GET https://cloudfunctions.googleapis.com/v1/projects/earthpol-insights/locations/-/functions 200
[debug] [2025-07-06T04:10:22.460Z] <<< [apiv2][body] GET https://cloudfunctions.googleapis.com/v1/projects/earthpol-insights/locations/-/functions {}
[debug] [2025-07-06T04:10:22.460Z] Checked if tokens are valid: true, expires at: 1751778587011
[debug] [2025-07-06T04:10:22.460Z] Checked if tokens are valid: true, expires at: 1751778587011
[debug] [2025-07-06T04:10:22.460Z] >>> [apiv2][query] GET https://cloudfunctions.googleapis.com/v2/projects/earthpol-insights/locations/-/functions filter=environment%3D%22GEN_2%22
[debug] [2025-07-06T04:10:22.863Z] <<< [apiv2][status] GET https://cloudfunctions.googleapis.com/v2/projects/earthpol-insights/locations/-/functions 200
[debug] [2025-07-06T04:10:22.863Z] <<< [apiv2][body] GET https://cloudfunctions.googleapis.com/v2/projects/earthpol-insights/locations/-/functions {"functions":[{"name":"projects/earthpol-insights/locations/us-central1/functions/ssrearthpolinsights","buildConfig":{"build":"projects/550138244897/locations/us-central1/builds/80bfcdfc-ef73-4225-a817-5c73d9b4e843","runtime":"nodejs20","entryPoint":"ssrearthpolinsights","source":{"storageSource":{"bucket":"gcf-v2-sources-550138244897-us-central1","object":"ssrearthpolinsights/function-source.zip","generation":"1751728868719975"}},"environmentVariables":{"GOOGLE_NODE_RUN_SCRIPTS":""},"dockerRepository":"projects/earthpol-insights/locations/us-central1/repositories/gcf-artifacts","sourceProvenance":{"resolvedStorageSource":{"bucket":"gcf-v2-sources-550138244897-us-central1","object":"ssrearthpolinsights/function-source.zip","generation":"1751728868719975"}},"dockerRegistry":"ARTIFACT_REGISTRY","serviceAccount":"projects/earthpol-insights/serviceAccounts/550138244897-compute@developer.gserviceaccount.com","automaticUpdatePolicy":{}},"serviceConfig":{"service":"projects/earthpol-insights/locations/us-central1/services/ssrearthpolinsights","timeoutSeconds":60,"environmentVariables":{"VERCEL_URL":"earthpol-insights.web.app","__FIREBASE_FRAMEWORKS_ENTRY__":"next.js","__FIREBASE_DEFAULTS__":"{\"config\":{\"projectId\":\"earthpol-insights\",\"appId\":\"1:550138244897:web:43fe595ea9bf57f7f29860\",\"storageBucket\":\"earthpol-insights.firebasestorage.app\",\"apiKey\":\"AIzaSyDgsO-AlUIsBrbKd8GDBygCMiOzqmSFv60\",\"authDomain\":\"earthpol-insights.firebaseapp.com\",\"messagingSenderId\":\"550138244897\",\"measurementId\":\"G-28X0Q0LFBF\"},\"_authTokenSyncURL\":\"/__session\"}","FIREBASE_CONFIG":"{\"projectId\":\"earthpol-insights\",\"storageBucket\":\"earthpol-insights.firebasestorage.app\"}","GCLOUD_PROJECT":"earthpol-insights","EVENTARC_CLOUD_EVENT_SOURCE":"projects/earthpol-insights/locations/us-central1/services/ssrearthpolinsights","FUNCTION_TARGET":"ssrearthpolinsights","LOG_EXECUTION_ID":"true"},"maxInstanceCount":20,"ingressSettings":"ALLOW_ALL","uri":"https://ssrearthpolinsights-flkpgqxtka-uc.a.run.app","serviceAccountEmail":"550138244897-compute@developer.gserviceaccount.com","availableMemory":"256Mi","allTrafficOnLatestRevision":true,"revision":"ssrearthpolinsights-00050-zud","maxInstanceRequestConcurrency":80,"availableCpu":"1"},"state":"ACTIVE","updateTime":"2025-07-05T15:23:27.809214580Z","labels":{"firebase-functions-codebase":"firebase-frameworks-earthpol-insights","firebase-functions-hash":"34a728de35c3802588dbb5f78420a4f0e6b1fbe8","deployment-tool":"cli-firebase"},"environment":"GEN_2","url":"https://us-central1-earthpol-insights.cloudfunctions.net/ssrearthpolinsights","createTime":"2025-05-30T00:33:35.851690187Z","satisfiesPzi":true}]}
[info] i  hosting: The following function(s) are pinned to site earthpol-insights and will be deployed as well: ssrearthpolinsights 
[info] 
[info] === Deploying to 'earthpol-insights'...
[info] 
[info] i  deploying functions, hosting 
[debug] [2025-07-06T04:10:22.866Z] Checked if tokens are valid: true, expires at: 1751778587011
[debug] [2025-07-06T04:10:22.866Z] Checked if tokens are valid: true, expires at: 1751778587011
[debug] [2025-07-06T04:10:22.866Z] >>> [apiv2][query] GET https://cloudresourcemanager.googleapis.com/v1/projects/earthpol-insights [none]
[debug] [2025-07-06T04:10:22.985Z] <<< [apiv2][status] GET https://cloudresourcemanager.googleapis.com/v1/projects/earthpol-insights 200
[debug] [2025-07-06T04:10:22.985Z] <<< [apiv2][body] GET https://cloudresourcemanager.googleapis.com/v1/projects/earthpol-insights {"projectNumber":"550138244897","projectId":"earthpol-insights","lifecycleState":"ACTIVE","name":"EarthPol-Insights","labels":{"firebase":"enabled","firebase-core":"disabled"},"createTime":"2025-05-29T23:55:45.499162Z"}
[info] i  functions: preparing codebase firebase-frameworks-earthpol-insights for deployment 
[info] i  functions: ensuring required API cloudfunctions.googleapis.com is enabled... 
[info] i  functions: ensuring required API cloudbuild.googleapis.com is enabled... 
[info] i  artifactregistry: ensuring required API artifactregistry.googleapis.com is enabled... 
[debug] [2025-07-06T04:10:22.986Z] Checked if tokens are valid: true, expires at: 1751778587011
[debug] [2025-07-06T04:10:22.986Z] Checked if tokens are valid: true, expires at: 1751778587011
[debug] [2025-07-06T04:10:22.986Z] >>> [apiv2][query] GET https://firebase.googleapis.com/v1beta1/projects/earthpol-insights/adminSdkConfig [none]
[debug] [2025-07-06T04:10:23.348Z] <<< [apiv2][status] GET https://firebase.googleapis.com/v1beta1/projects/earthpol-insights/adminSdkConfig 200
[debug] [2025-07-06T04:10:23.348Z] <<< [apiv2][body] GET https://firebase.googleapis.com/v1beta1/projects/earthpol-insights/adminSdkConfig {"projectId":"earthpol-insights","storageBucket":"earthpol-insights.firebasestorage.app"}
[debug] [2025-07-06T04:10:23.349Z] Checked if tokens are valid: true, expires at: 1751778587011
[debug] [2025-07-06T04:10:23.349Z] Checked if tokens are valid: true, expires at: 1751778587011
[debug] [2025-07-06T04:10:23.349Z] >>> [apiv2][query] GET https://runtimeconfig.googleapis.com/v1beta1/projects/earthpol-insights/configs [none]
[debug] [2025-07-06T04:10:23.693Z] <<< [apiv2][status] GET https://runtimeconfig.googleapis.com/v1beta1/projects/earthpol-insights/configs 200
[debug] [2025-07-06T04:10:23.693Z] <<< [apiv2][body] GET https://runtimeconfig.googleapis.com/v1beta1/projects/earthpol-insights/configs {}
[debug] [2025-07-06T04:10:23.694Z] Validating nodejs source
[debug] [2025-07-06T04:10:24.732Z] > [functions] package.json contents: {
  "name": "schottler3",
  "version": "0.1.0",
  "private": true,
  "dependencies": {
    "@tanstack/react-query": "^5.79.0",
    "firebase": "^11.8.1",
    "firebase-admin": "^13.4.0",
    "next": "^15.2.0-canary.1",
    "react": "^19.0.0",
    "react-dom": "^19.0.0",
    "react-router-dom": "^7.6.2",
    "firebase-frameworks": "^0.11.0",
    "firebase-functions": "^6.0.1"
  },
  "main": "server.js",
  "engines": {
    "node": "20"
  }
}
[debug] [2025-07-06T04:10:24.732Z] Building nodejs source
[info] i  functions: Loading and analyzing source code for codebase firebase-frameworks-earthpol-insights to determine what to deploy 
[debug] [2025-07-06T04:10:24.733Z] Could not find functions.yaml. Must use http discovery
[debug] [2025-07-06T04:10:24.737Z] Found firebase-functions binary at '/root/EarthPol-Insights/.firebase/earthpol-insights/functions/node_modules/.bin/firebase-functions'
[info] Serving at port 8519

[debug] [2025-07-06T04:10:25.161Z] Got response from /__/functions.yaml {"endpoints":{"ssrearthpolinsights":{"availableMemoryMb":null,"timeoutSeconds":null,"minInstances":null,"maxInstances":null,"ingressSettings":null,"concurrency":null,"serviceAccountEmail":null,"vpc":null,"platform":"gcfv2","region":["us-central1"],"labels":{},"httpsTrigger":{},"entryPoint":"ssrearthpolinsights"}},"specVersion":"v1alpha1","requiredAPIs":[],"extensions":{}}
[info] i  extensions: ensuring required API firebaseextensions.googleapis.com is enabled... 
[debug] [2025-07-06T04:10:29.186Z] > command requires scopes: ["email","openid","https://www.googleapis.com/auth/cloudplatformprojects.readonly","https://www.googleapis.com/auth/firebase","https://www.googleapis.com/auth/cloud-platform"]
[debug] [2025-07-06T04:10:29.187Z] > authorizing via signed-in user (lucasschottler@gmail.com)
[debug] [2025-07-06T04:10:29.187Z] [iam] checking project earthpol-insights for permissions ["firebase.projects.get","firebaseextensions.instances.list"]
[debug] [2025-07-06T04:10:29.187Z] Checked if tokens are valid: true, expires at: 1751778587011
[debug] [2025-07-06T04:10:29.187Z] Checked if tokens are valid: true, expires at: 1751778587011
[debug] [2025-07-06T04:10:29.187Z] >>> [apiv2][query] POST https://cloudresourcemanager.googleapis.com/v1/projects/earthpol-insights:testIamPermissions [none]
[debug] [2025-07-06T04:10:29.187Z] >>> [apiv2][(partial)header] POST https://cloudresourcemanager.googleapis.com/v1/projects/earthpol-insights:testIamPermissions x-goog-quota-user=projects/earthpol-insights
[debug] [2025-07-06T04:10:29.187Z] >>> [apiv2][body] POST https://cloudresourcemanager.googleapis.com/v1/projects/earthpol-insights:testIamPermissions {"permissions":["firebase.projects.get","firebaseextensions.instances.list"]}
[debug] [2025-07-06T04:10:29.433Z] <<< [apiv2][status] POST https://cloudresourcemanager.googleapis.com/v1/projects/earthpol-insights:testIamPermissions 200
[debug] [2025-07-06T04:10:29.433Z] <<< [apiv2][body] POST https://cloudresourcemanager.googleapis.com/v1/projects/earthpol-insights:testIamPermissions {"permissions":["firebase.projects.get","firebaseextensions.instances.list"]}
[debug] [2025-07-06T04:10:29.434Z] Checked if tokens are valid: true, expires at: 1751778587011
[debug] [2025-07-06T04:10:29.434Z] Checked if tokens are valid: true, expires at: 1751778587011
[debug] [2025-07-06T04:10:29.434Z] >>> [apiv2][query] GET https://firebaseextensions.googleapis.com/v1beta/projects/earthpol-insights/instances pageSize=100&pageToken=
[debug] [2025-07-06T04:10:29.802Z] <<< [apiv2][status] GET https://firebaseextensions.googleapis.com/v1beta/projects/earthpol-insights/instances 200
[debug] [2025-07-06T04:10:29.802Z] <<< [apiv2][body] GET https://firebaseextensions.googleapis.com/v1beta/projects/earthpol-insights/instances {}
[info] i  functions: Loaded environment variables from .env. 
[info] i  functions: preparing .firebase/earthpol-insights/functions directory for uploading... 
[info] i  functions: packaged /root/EarthPol-Insights/.firebase/earthpol-insights/functions (35.84 MB) for uploading 
[info] i  functions: ensuring required API run.googleapis.com is enabled... 
[info] i  functions: ensuring required API eventarc.googleapis.com is enabled... 
[info] i  functions: ensuring required API pubsub.googleapis.com is enabled... 
[info] i  functions: ensuring required API storage.googleapis.com is enabled... 
[info] i  functions: generating the service identity for pubsub.googleapis.com... 
[debug] [2025-07-06T04:10:32.021Z] Checked if tokens are valid: true, expires at: 1751778587011
[debug] [2025-07-06T04:10:32.021Z] Checked if tokens are valid: true, expires at: 1751778587011
[info] i  functions: generating the service identity for eventarc.googleapis.com... 
[debug] [2025-07-06T04:10:32.022Z] Checked if tokens are valid: true, expires at: 1751778587011
[debug] [2025-07-06T04:10:32.022Z] Checked if tokens are valid: true, expires at: 1751778587011
[debug] [2025-07-06T04:10:32.022Z] >>> [apiv2][query] POST https://serviceusage.googleapis.com/v1beta1/projects/550138244897/services/pubsub.googleapis.com:generateServiceIdentity [none]
[debug] [2025-07-06T04:10:32.022Z] >>> [apiv2][(partial)header] POST https://serviceusage.googleapis.com/v1beta1/projects/550138244897/services/pubsub.googleapis.com:generateServiceIdentity x-goog-quota-user=projects/550138244897
[debug] [2025-07-06T04:10:32.022Z] >>> [apiv2][body] POST https://serviceusage.googleapis.com/v1beta1/projects/550138244897/services/pubsub.googleapis.com:generateServiceIdentity {}
[debug] [2025-07-06T04:10:32.025Z] >>> [apiv2][query] POST https://serviceusage.googleapis.com/v1beta1/projects/550138244897/services/eventarc.googleapis.com:generateServiceIdentity [none]
[debug] [2025-07-06T04:10:32.025Z] >>> [apiv2][(partial)header] POST https://serviceusage.googleapis.com/v1beta1/projects/550138244897/services/eventarc.googleapis.com:generateServiceIdentity x-goog-quota-user=projects/550138244897
[debug] [2025-07-06T04:10:32.025Z] >>> [apiv2][body] POST https://serviceusage.googleapis.com/v1beta1/projects/550138244897/services/eventarc.googleapis.com:generateServiceIdentity {}
[debug] [2025-07-06T04:10:32.647Z] <<< [apiv2][status] POST https://serviceusage.googleapis.com/v1beta1/projects/550138244897/services/pubsub.googleapis.com:generateServiceIdentity 200
[debug] [2025-07-06T04:10:32.648Z] <<< [apiv2][body] POST https://serviceusage.googleapis.com/v1beta1/projects/550138244897/services/pubsub.googleapis.com:generateServiceIdentity {"name":"operations/finished.DONE_OPERATION","done":true,"response":{"@type":"type.googleapis.com/google.api.serviceusage.v1beta1.ServiceIdentity","email":"service-550138244897@gcp-sa-pubsub.iam.gserviceaccount.com","uniqueId":"114650538115056675278"}}
[debug] [2025-07-06T04:10:32.648Z] <<< [apiv2][status] POST https://serviceusage.googleapis.com/v1beta1/projects/550138244897/services/eventarc.googleapis.com:generateServiceIdentity 200
[debug] [2025-07-06T04:10:32.648Z] <<< [apiv2][body] POST https://serviceusage.googleapis.com/v1beta1/projects/550138244897/services/eventarc.googleapis.com:generateServiceIdentity {"name":"operations/finished.DONE_OPERATION","done":true,"response":{"@type":"type.googleapis.com/google.api.serviceusage.v1beta1.ServiceIdentity","email":"service-550138244897@gcp-sa-eventarc.iam.gserviceaccount.com","uniqueId":"112976702425431611216"}}
[debug] [2025-07-06T04:10:32.649Z] Checked if tokens are valid: true, expires at: 1751778587011
[debug] [2025-07-06T04:10:32.649Z] Checked if tokens are valid: true, expires at: 1751778587011
[debug] [2025-07-06T04:10:32.649Z] >>> [apiv2][query] GET https://cloudresourcemanager.googleapis.com/v1/projects/earthpol-insights [none]
[debug] [2025-07-06T04:10:32.775Z] <<< [apiv2][status] GET https://cloudresourcemanager.googleapis.com/v1/projects/earthpol-insights 200
[debug] [2025-07-06T04:10:32.775Z] <<< [apiv2][body] GET https://cloudresourcemanager.googleapis.com/v1/projects/earthpol-insights {"projectNumber":"550138244897","projectId":"earthpol-insights","lifecycleState":"ACTIVE","name":"EarthPol-Insights","labels":{"firebase":"enabled","firebase-core":"disabled"},"createTime":"2025-05-29T23:55:45.499162Z"}
[debug] [2025-07-06T04:10:32.775Z] Checked if tokens are valid: true, expires at: 1751778587011
[debug] [2025-07-06T04:10:32.775Z] Checked if tokens are valid: true, expires at: 1751778587011
[debug] [2025-07-06T04:10:32.775Z] >>> [apiv2][query] GET https://compute.googleapis.com/compute/v1/projects/550138244897 [none]
[debug] [2025-07-06T04:10:33.097Z] *** [apiv2] error from fetch(https://compute.googleapis.com/compute/v1/projects/550138244897, {"headers":{},"method":"GET"}): FetchError: request to https://compute.googleapis.com/compute/v1/projects/550138244897 failed, reason: 
[debug] [2025-07-06T04:10:33.097Z] unable to look up default compute service account. Falling back to 550138244897-compute@developer.gserviceaccount.com. Error: {"name":"FirebaseError","children":[],"exit":1,"message":"Failed to make request to https://compute.googleapis.com/compute/v1/projects/550138244897","original":{"message":"request to https://compute.googleapis.com/compute/v1/projects/550138244897 failed, reason: ","type":"system","errno":"ETIMEDOUT","code":"ETIMEDOUT"},"status":500}
[debug] [2025-07-06T04:10:33.100Z] Checked if tokens are valid: true, expires at: 1751778587011
[debug] [2025-07-06T04:10:33.100Z] Checked if tokens are valid: true, expires at: 1751778587011
[debug] [2025-07-06T04:10:33.100Z] >>> [apiv2][query] POST https://firebasehosting.googleapis.com/v1beta1/projects/-/sites/earthpol-insights/versions [none]
[debug] [2025-07-06T04:10:33.100Z] >>> [apiv2][body] POST https://firebasehosting.googleapis.com/v1beta1/projects/-/sites/earthpol-insights/versions {"status":"CREATED","labels":{"deployment-tool":"cli-firebase","firebase-web-framework":"next_ssr"}}
[debug] [2025-07-06T04:10:34.256Z] <<< [apiv2][status] POST https://firebasehosting.googleapis.com/v1beta1/projects/-/sites/earthpol-insights/versions 200
[debug] [2025-07-06T04:10:34.256Z] <<< [apiv2][body] POST https://firebasehosting.googleapis.com/v1beta1/projects/-/sites/earthpol-insights/versions {"name":"projects/550138244897/sites/earthpol-insights/versions/1e5ec911f9382bc3","status":"CREATED","config":{},"labels":{"deployment-tool":"cli-firebase","firebase-web-framework":"next_ssr"}}
[debug] [2025-07-06T04:10:34.257Z] Checked if tokens are valid: true, expires at: 1751778587011
[debug] [2025-07-06T04:10:34.257Z] Checked if tokens are valid: true, expires at: 1751778587011
[debug] [2025-07-06T04:10:34.257Z] >>> [apiv2][query] GET https://cloudbilling.googleapis.com/v1/projects/earthpol-insights/billingInfo [none]
[debug] [2025-07-06T04:10:34.647Z] <<< [apiv2][status] GET https://cloudbilling.googleapis.com/v1/projects/earthpol-insights/billingInfo 200
[debug] [2025-07-06T04:10:34.647Z] <<< [apiv2][body] GET https://cloudbilling.googleapis.com/v1/projects/earthpol-insights/billingInfo {"name":"projects/earthpol-insights/billingInfo","projectId":"earthpol-insights","billingAccountName":"billingAccounts/01A371-760157-4B4E01","billingEnabled":true}
[debug] [2025-07-06T04:10:34.648Z] Checked if tokens are valid: true, expires at: 1751778587011
[debug] [2025-07-06T04:10:34.648Z] Checked if tokens are valid: true, expires at: 1751778587011
[debug] [2025-07-06T04:10:34.648Z] >>> [apiv2][query] POST https://cloudfunctions.googleapis.com/v2/projects/earthpol-insights/locations/us-central1/functions:generateUploadUrl [none]
[debug] [2025-07-06T04:10:35.053Z] <<< [apiv2][status] POST https://cloudfunctions.googleapis.com/v2/projects/earthpol-insights/locations/us-central1/functions:generateUploadUrl 200
[debug] [2025-07-06T04:10:35.053Z] <<< [apiv2][body] POST https://cloudfunctions.googleapis.com/v2/projects/earthpol-insights/locations/us-central1/functions:generateUploadUrl {"uploadUrl":"https://storage.googleapis.com/gcf-v2-uploads-550138244897.us-central1.cloudfunctions.appspot.com/88fe0d5e-66f5-42fc-bf6f-c0d738237c01.zip?GoogleAccessId=service-550138244897@gcf-admin-robot.iam.gserviceaccount.com&Expires=1751776835&Signature=FI1%2FovOyDIiB%2BFSd0ndLq6IEwSB0ffktRaILq2HmlWTvlxMl1nvcJKyzzUCy7QAEMDBLcCcd9%2BMECMI8OypHhWgcTQ71IYZL%2FeHWOqNUIB8mtiOZRJCKDuYzWu2dcGHLnLBbCdFLa0CP612V%2FdQv5s7mj314P8QMe0QodmrxtNyi6SP%2F19k%2FppPMwznOXesm7D2OANXC7kp6mFacANXx4vF0XAVu%2BnMpC2bT4kVMABx3gPsbrredNc7Pekg%2FyoCNK00pnfv5VhAmRppovz7PaaXTNz%2F0OZpFNoA9s64ItnXcya3a2Fjfi8BpwvnxM8YNFbETp9O191K9WlPsPwwLIA%3D%3D","storageSource":{"bucket":"gcf-v2-uploads-550138244897.us-central1.cloudfunctions.appspot.com","object":"88fe0d5e-66f5-42fc-bf6f-c0d738237c01.zip"}}
[debug] [2025-07-06T04:10:35.054Z] >>> [apiv2][query] PUT https://storage.googleapis.com/gcf-v2-uploads-550138244897.us-central1.cloudfunctions.appspot.com/88fe0d5e-66f5-42fc-bf6f-c0d738237c01.zip GoogleAccessId=service-550138244897%40gcf-admin-robot.iam.gserviceaccount.com&Expires=1751776835&Signature=FI1%2FovOyDIiB%2BFSd0ndLq6IEwSB0ffktRaILq2HmlWTvlxMl1nvcJKyzzUCy7QAEMDBLcCcd9%2BMECMI8OypHhWgcTQ71IYZL%2FeHWOqNUIB8mtiOZRJCKDuYzWu2dcGHLnLBbCdFLa0CP612V%2FdQv5s7mj314P8QMe0QodmrxtNyi6SP%2F19k%2FppPMwznOXesm7D2OANXC7kp6mFacANXx4vF0XAVu%2BnMpC2bT4kVMABx3gPsbrredNc7Pekg%2FyoCNK00pnfv5VhAmRppovz7PaaXTNz%2F0OZpFNoA9s64ItnXcya3a2Fjfi8BpwvnxM8YNFbETp9O191K9WlPsPwwLIA%3D%3D
[debug] [2025-07-06T04:10:35.054Z] >>> [apiv2][body] PUT https://storage.googleapis.com/gcf-v2-uploads-550138244897.us-central1.cloudfunctions.appspot.com/88fe0d5e-66f5-42fc-bf6f-c0d738237c01.zip [stream]
[debug] [2025-07-06T04:11:52.860Z] <<< [apiv2][status] PUT https://storage.googleapis.com/gcf-v2-uploads-550138244897.us-central1.cloudfunctions.appspot.com/88fe0d5e-66f5-42fc-bf6f-c0d738237c01.zip 200
[debug] [2025-07-06T04:11:52.860Z] <<< [apiv2][body] PUT https://storage.googleapis.com/gcf-v2-uploads-550138244897.us-central1.cloudfunctions.appspot.com/88fe0d5e-66f5-42fc-bf6f-c0d738237c01.zip [omitted]
[info] ✔  functions: .firebase/earthpol-insights/functions folder uploaded successfully 
[info] i  hosting[earthpol-insights]: beginning deploy... 
[info] i  hosting[earthpol-insights]: found 63 files in .firebase/earthpol-insights/hosting 
[debug] [2025-07-06T04:11:52.880Z] [hosting] uploading with 200 concurrency
[debug] [2025-07-06T04:11:52.954Z] Checked if tokens are valid: true, expires at: 1751778587011
[debug] [2025-07-06T04:11:52.954Z] Checked if tokens are valid: true, expires at: 1751778587011
[debug] [2025-07-06T04:11:52.955Z] [hosting] hash cache [LmZpcmViYXNlL2VhcnRocG9sLWluc2lnaHRzL2hvc3Rpbmc] stored for 63 files
[debug] [2025-07-06T04:11:52.955Z] [hosting][hash queue][FINAL] {"max":68,"min":14,"avg":27.142857142857142,"active":0,"complete":63,"success":63,"errored":0,"retried":0,"total":63,"elapsed":72}
[debug] [2025-07-06T04:11:52.955Z] >>> [apiv2][query] POST https://firebasehosting.googleapis.com/v1beta1/projects/550138244897/sites/earthpol-insights/versions/1e5ec911f9382bc3:populateFiles [none]
[debug] [2025-07-06T04:11:52.955Z] >>> [apiv2][body] POST https://firebasehosting.googleapis.com/v1beta1/projects/550138244897/sites/earthpol-insights/versions/1e5ec911f9382bc3:populateFiles {"files":{"/vercel.svg":"4e5d8a3c607fab92ddd63ce0fe25c7bde485d5900e8dd240fd6ae7ba787108b7","/window.svg":"ba7b3f63b42200bf802d94850c49bc8cef1d0bdb2b70353f4532822765703426","/townList.html":"4bef250fa38a3aa657ea029a474d6b003b5dbef45995b750d8554b807ff23e37","/next.svg":"181fa108bff84137e92c71370f54f0f918257d72471f3f4c396af9773af3da2b","/shops.html":"224f164200e0d10124413bc3c2b20531a9f9d462d4d905a85b792ac65b2ebcb7","/file.svg":"27901bd0b6a4d85ec10e16b6953df4f5dcbeb5a8fd7f68d0ff18b9b85f90b2bb","/nationList.html":"92b02c17c056963ef6faa6e8604ccc0cb48bc46a56f8dd85bfa7757a27ddc26e","/images/Sun.png":"05c296e87ac7155c1f212bbf81666503d029e22a08f10d84ef86432a677ef118","/globe.svg":"66301814319b70818031fea043afbe8a63afcc52cf7c5887482ce54563d6c467","/index.html":"31609816096e39d8f61282e8cae2d304e96721456a2c4cba148ce6c07d097dfa","/images/Oak.webp":"05650147959cefc276ae56efc2e9876f42b0799f7a544882a003301e8c52c7b3","/404.html":"22009211bb829edb01351bdcba681ec575a9fd9b3e1d1022e28b07169763e0f2","/location.html":"5e6a9a89268a38d37a8ea292e6dbb7d530f75997e80504e910c359758f06e11e","/images/Crown.svg":"f4ee8f9a036439476bc95941b451b3a037ea6d523e7f29f96ce6090e288fe40d","/images/ranks/Star.svg":"73cd33ac2cc127d72cf559e0e91e56a297c56e1ab93bcd215665a3590168df45","/images/ranks/Rook.png":"3d4c64282510dccfe4a75abad8877af7f029f1088bb3ba26e8d083190b733bdc","/_next/static/chunks/main-app-76aa079789c4cbfa.js":"a6e0770dd37946b2cab936a06503f3076c0275c54fe2d9e6a170bb5d36827b19","/_next/static/css/655a3377f7ee0d5d.css":"1b0356dff12ebe41ed4cefcbd6016389537f6fea9b850758729360fb2a3f3c55","/_next/static/chunks/webpack-9edee2920554d0a5.js":"5510b91e8c74bfefb8909effc64dee807e1c300595ccaa36ac8f04288f3e52dd","/_next/static/chunks/561-6574b3e5bdb7a008.js":"4411c01a836045bf951041ffb0c79f3427118c931e58a9cd58781ac4dee1bd18","/_next/static/chunks/173-45d672da25b453ac.js":"a05b2810141caaa3cf4e7cd442c1b13073eb95f34c6fea944c4cf0afac68e8df","/_next/static/chunks/pages/_error-9b7125ad1a1e68fa.js":"bf1025dfe76820cb4606c41b25dbfebf19349fe3a7f5b4c1d52102bcb1ebbc5b","/_next/static/chunks/pages/_app-d23763e3e6c904ff.js":"2b9993f4550f06a5f7af54af20cf4c013c72981bc65b9515f0d2268b25709d6b","/_next/static/chunks/157-b83a67388b6dc5d4.js":"ceafd844bc4bb968afe0ad0529463a771b0f331afb5981d192035e995618765f","/_next/static/chunks/app/page-77d006336266dfd5.js":"5e8bbf4de698bd62aec0259739689451161785152da0603c5ece8b1e35d2a60a","/_next/static/chunks/app/layout-475d083a5d340f6b.js":"e990234a4cc592053778ee4908744f9adce19369f4f74b2dbab82185adb07c36","/_next/static/chunks/app/townList/page-4f9ea0e500524415.js":"75d7cc836f9dfcce2555c612b9101893fb0c59edffbf2d95c5cd7b0e3266784f","/_next/static/chunks/151-71b85b17f1937c55.js":"e1e65e5d21f0c64bae9b5f2fe02a8ab7112ca1be47d4f9e28caa1ba0bc7c7005","/_next/static/chunks/app/shops/page-94a44e0b40192aa6.js":"110d154bf6df803384f434776646c443de3ff803ebd4fa2d91b82cd5e9d655eb","/_next/static/chunks/app/town/[uuid]/page-b03c9a7b7e47f26b.js":"b3cc12219019efae2ace50beaffdf509ceea8639b11fb2855414a2ea0a302519","/_next/static/chunks/app/shops/[uuid]/page-de833a0e06c985c6.js":"4edbaba89561204ca3f4deef5b2755d0b7962db1df248db825d6490a938f8c59","/_next/static/chunks/app/shops/town/[uuid]/page-97ccb87b8bbccf29.js":"4608e9b9cf9967b2d29d6c62bf55594464d089b9d738240ca594c0df7322f524","/_next/static/chunks/app/shops/nation/[uuid]/page-4cc0415aadfb38ac.js":"4d95520968dc47f8976217147c9bf6603d9809e972cee4f1ca45a3539ef5b235","/_next/static/chunks/app/players/[uuid]/page-f693c18d4607cb1f.js":"6678254080eb4982c41a6d40cccd58df6d923d8cadb1375b436f0a0fe73b5fbe","/_next/static/chunks/app/nationList/page-eb2d924e48351ead.js":"59ea538c129aab680aa5c8b7734f44c7a79b5affcc67403d2681a5a408845036","/images/ranks/Knight.png":"b1de734cb8c9044e36e060415c3daaeaf4d11f4395b3df5984e8822d1a3c4523","/images/ranks/Pawn.png":"60458c374a56e8a6d0076d207bb36ce5a8725c615c69ab00dc88c3c34eeadb8e","/images/ranks/Bishop.png":"c0db491a76d54381de0cf327115e336f38fde12fe1d4f190fc3d3bb932a7c0c1","/images/EPMC-Insights-Logo.svg":"3984043a605bd5528648c86bb9c97696cb70fae24b35aedb95cdb68bf69664bb","/images/ranks/King.png":"c169e18c11039de872c9a2a7bf586c143168eb3c446ec491daf27f1832947440","/images/Earth.svg":"fbcd13dca91feebceaa2dc23689e9b80b465c4f1a32b8fabcf847ef9e27296c7","/images/Moon.png":"4c70eeba33589cf6fbf2e8e625cf50d03227481cb9c01b98469cca50d4da2449","/images/ranks/Queen.png":"d9598ad149ef0abffc65d2cbb1490f13e40b21fb760bebfccb66f397d271a574","/_next/static/chunks/app/nation/[uuid]/page-e64eef2c3337183a.js":"02313652a5deb29d99d5237c044fc5bba8e1336d80cfb0537447ca31ff4c80e5","/_next/static/chunks/main-5b1f6af88be81ea2.js":"f8aaa54c001d720e4436491613bb8b4ada607688f677b73c3eb87ce6c1b7bd65","/_next/static/chunks/app/location/page-eb8492720e71dc9f.js":"c7724d01361b3b8980e74be83451fc45a85f91ae0f12de48c559250729f404dc","/_next/static/chunks/app/api/towns/route-92689e630f5c04a7.js":"ad04acfcfe8ea66ab03009ec4117e9b950505cba8b006df9ede983ae758f591e","/_next/static/chunks/app/api/shop/route-0e26495a7c611ddd.js":"ad04acfcfe8ea66ab03009ec4117e9b950505cba8b006df9ede983ae758f591e","/_next/static/chunks/app/api/players/route-f0bee65623e6ec98.js":"ad04acfcfe8ea66ab03009ec4117e9b950505cba8b006df9ede983ae758f591e","/_next/static/chunks/polyfills-42372ed130431b0a.js":"45b36f93bb08c52e360d14b0e8449c88770aa8cf5d59bff1c76cbe6e198fe7c5","/_next/static/chunks/app/api/nations/route-bbce91ba12a29869.js":"ad04acfcfe8ea66ab03009ec4117e9b950505cba8b006df9ede983ae758f591e","/_next/static/chunks/app/api/location/route-6e072c4255201d8a.js":"ad04acfcfe8ea66ab03009ec4117e9b950505cba8b006df9ede983ae758f591e","/_next/static/chunks/app/api/endpoints/route-e97c72fb25f9a1b5.js":"ad04acfcfe8ea66ab03009ec4117e9b950505cba8b006df9ede983ae758f591e","/_next/static/chunks/app/api/discord-invite/route-44261d637adfce6d.js":"ad04acfcfe8ea66ab03009ec4117e9b950505cba8b006df9ede983ae758f591e","/_next/static/chunks/app/api/chat/route-1150d6c0a0c53f78.js":"ad04acfcfe8ea66ab03009ec4117e9b950505cba8b006df9ede983ae758f591e","/_next/static/chunks/app/_not-found/page-faeeed4204cf529e.js":"57f0bc4450bdb19aa60312749f3990c89b65e34f7cbb28849d146b79bdba34a4","/_next/static/DYFo_C-B0u7psgNRFRSdM/_ssgManifest.js":"d8d8790f4e673a23bec506f00699bed8a258ac0e4965bb1ca8598172cfc0ec97","/_next/static/DYFo_C-B0u7psgNRFRSdM/_buildManifest.js":"595bb5dea4e0ac3efddfbe1729adab4ab48909099a3327c0dc8e9c0cc20c60b7","/_next/static/chunks/framework-6b27c2b7aa38af2d.js":"cd805e9c481b06e0696916521a4356860ef5205f20b09d4159658344be653c5d","/_next/static/chunks/4bd1b696-fadc4ed8db61747e.js":"8c8a85ee8782eb6c07dd0abfd838e30a2bbf63ee22984477c0d62ee4da3c9969","/_next/static/chunks/517-9d109510f6b0d4c6.js":"2e3a7831e6a8a1c8e0be791723caa6ff47493f55516f203a1c84eacb1d16a6af","/favicon.ico":"e33dcfa86454d2448754ed14a6f8b068992a41b0de59b0742b7bda7eb74109ac","/images/map.jpg":"b9180e25717f89f2478f91488c6a1de20b8f47f5640582eade5bf037cd208b2e"}}
[debug] [2025-07-06T04:11:53.434Z] <<< [apiv2][status] POST https://firebasehosting.googleapis.com/v1beta1/projects/550138244897/sites/earthpol-insights/versions/1e5ec911f9382bc3:populateFiles 200
[debug] [2025-07-06T04:11:53.434Z] <<< [apiv2][body] POST https://firebasehosting.googleapis.com/v1beta1/projects/550138244897/sites/earthpol-insights/versions/1e5ec911f9382bc3:populateFiles {"uploadRequiredHashes":["4c70eeba33589cf6fbf2e8e625cf50d03227481cb9c01b98469cca50d4da2449","110d154bf6df803384f434776646c443de3ff803ebd4fa2d91b82cd5e9d655eb","59ea538c129aab680aa5c8b7734f44c7a79b5affcc67403d2681a5a408845036","92b02c17c056963ef6faa6e8604ccc0cb48bc46a56f8dd85bfa7757a27ddc26e","e990234a4cc592053778ee4908744f9adce19369f4f74b2dbab82185adb07c36","22009211bb829edb01351bdcba681ec575a9fd9b3e1d1022e28b07169763e0f2","05c296e87ac7155c1f212bbf81666503d029e22a08f10d84ef86432a677ef118","5e6a9a89268a38d37a8ea292e6dbb7d530f75997e80504e910c359758f06e11e","4608e9b9cf9967b2d29d6c62bf55594464d089b9d738240ca594c0df7322f524","4bef250fa38a3aa657ea029a474d6b003b5dbef45995b750d8554b807ff23e37","4d95520968dc47f8976217147c9bf6603d9809e972cee4f1ca45a3539ef5b235","6678254080eb4982c41a6d40cccd58df6d923d8cadb1375b436f0a0fe73b5fbe","1b0356dff12ebe41ed4cefcbd6016389537f6fea9b850758729360fb2a3f3c55","224f164200e0d10124413bc3c2b20531a9f9d462d4d905a85b792ac65b2ebcb7","31609816096e39d8f61282e8cae2d304e96721456a2c4cba148ce6c07d097dfa"],"uploadUrl":"https://upload-firebasehosting.googleapis.com/upload/sites/earthpol-insights/versions/1e5ec911f9382bc3/files"}
[debug] [2025-07-06T04:11:53.435Z] Checked if tokens are valid: true, expires at: 1751778587011
[debug] [2025-07-06T04:11:53.435Z] Checked if tokens are valid: true, expires at: 1751778587011
[debug] [2025-07-06T04:11:53.435Z] Checked if tokens are valid: true, expires at: 1751778587011
[debug] [2025-07-06T04:11:53.435Z] Checked if tokens are valid: true, expires at: 1751778587011
[debug] [2025-07-06T04:11:53.435Z] Checked if tokens are valid: true, expires at: 1751778587011
[debug] [2025-07-06T04:11:53.435Z] Checked if tokens are valid: true, expires at: 1751778587011
[debug] [2025-07-06T04:11:53.435Z] Checked if tokens are valid: true, expires at: 1751778587011
[debug] [2025-07-06T04:11:53.435Z] Checked if tokens are valid: true, expires at: 1751778587011
[debug] [2025-07-06T04:11:53.436Z] Checked if tokens are valid: true, expires at: 1751778587011
[debug] [2025-07-06T04:11:53.436Z] Checked if tokens are valid: true, expires at: 1751778587011
[debug] [2025-07-06T04:11:53.436Z] Checked if tokens are valid: true, expires at: 1751778587011
[debug] [2025-07-06T04:11:53.436Z] Checked if tokens are valid: true, expires at: 1751778587011
[debug] [2025-07-06T04:11:53.436Z] Checked if tokens are valid: true, expires at: 1751778587011
[debug] [2025-07-06T04:11:53.436Z] Checked if tokens are valid: true, expires at: 1751778587011
[debug] [2025-07-06T04:11:53.436Z] Checked if tokens are valid: true, expires at: 1751778587011
[debug] [2025-07-06T04:11:53.436Z] Checked if tokens are valid: true, expires at: 1751778587011
[debug] [2025-07-06T04:11:53.436Z] Checked if tokens are valid: true, expires at: 1751778587011
[debug] [2025-07-06T04:11:53.436Z] Checked if tokens are valid: true, expires at: 1751778587011
[debug] [2025-07-06T04:11:53.436Z] Checked if tokens are valid: true, expires at: 1751778587011
[debug] [2025-07-06T04:11:53.436Z] Checked if tokens are valid: true, expires at: 1751778587011
[debug] [2025-07-06T04:11:53.437Z] Checked if tokens are valid: true, expires at: 1751778587011
[debug] [2025-07-06T04:11:53.437Z] Checked if tokens are valid: true, expires at: 1751778587011
[debug] [2025-07-06T04:11:53.437Z] Checked if tokens are valid: true, expires at: 1751778587011
[debug] [2025-07-06T04:11:53.437Z] Checked if tokens are valid: true, expires at: 1751778587011
[debug] [2025-07-06T04:11:53.437Z] Checked if tokens are valid: true, expires at: 1751778587011
[debug] [2025-07-06T04:11:53.437Z] Checked if tokens are valid: true, expires at: 1751778587011
[debug] [2025-07-06T04:11:53.437Z] Checked if tokens are valid: true, expires at: 1751778587011
[debug] [2025-07-06T04:11:53.437Z] Checked if tokens are valid: true, expires at: 1751778587011
[debug] [2025-07-06T04:11:53.437Z] Checked if tokens are valid: true, expires at: 1751778587011
[debug] [2025-07-06T04:11:53.437Z] Checked if tokens are valid: true, expires at: 1751778587011
[debug] [2025-07-06T04:11:53.437Z] >>> [apiv2][query] POST https://upload-firebasehosting.googleapis.com/upload/sites/earthpol-insights/versions/1e5ec911f9382bc3/files/4c70eeba33589cf6fbf2e8e625cf50d03227481cb9c01b98469cca50d4da2449 [none]
[debug] [2025-07-06T04:11:53.438Z] >>> [apiv2][body] POST https://upload-firebasehosting.googleapis.com/upload/sites/earthpol-insights/versions/1e5ec911f9382bc3/files/4c70eeba33589cf6fbf2e8e625cf50d03227481cb9c01b98469cca50d4da2449 [stream]
[debug] [2025-07-06T04:11:53.439Z] >>> [apiv2][query] POST https://upload-firebasehosting.googleapis.com/upload/sites/earthpol-insights/versions/1e5ec911f9382bc3/files/110d154bf6df803384f434776646c443de3ff803ebd4fa2d91b82cd5e9d655eb [none]
[debug] [2025-07-06T04:11:53.440Z] >>> [apiv2][body] POST https://upload-firebasehosting.googleapis.com/upload/sites/earthpol-insights/versions/1e5ec911f9382bc3/files/110d154bf6df803384f434776646c443de3ff803ebd4fa2d91b82cd5e9d655eb [stream]
[debug] [2025-07-06T04:11:53.440Z] >>> [apiv2][query] POST https://upload-firebasehosting.googleapis.com/upload/sites/earthpol-insights/versions/1e5ec911f9382bc3/files/59ea538c129aab680aa5c8b7734f44c7a79b5affcc67403d2681a5a408845036 [none]
[debug] [2025-07-06T04:11:53.440Z] >>> [apiv2][body] POST https://upload-firebasehosting.googleapis.com/upload/sites/earthpol-insights/versions/1e5ec911f9382bc3/files/59ea538c129aab680aa5c8b7734f44c7a79b5affcc67403d2681a5a408845036 [stream]
[debug] [2025-07-06T04:11:53.442Z] >>> [apiv2][query] POST https://upload-firebasehosting.googleapis.com/upload/sites/earthpol-insights/versions/1e5ec911f9382bc3/files/92b02c17c056963ef6faa6e8604ccc0cb48bc46a56f8dd85bfa7757a27ddc26e [none]
[debug] [2025-07-06T04:11:53.442Z] >>> [apiv2][body] POST https://upload-firebasehosting.googleapis.com/upload/sites/earthpol-insights/versions/1e5ec911f9382bc3/files/92b02c17c056963ef6faa6e8604ccc0cb48bc46a56f8dd85bfa7757a27ddc26e [stream]
[debug] [2025-07-06T04:11:53.442Z] >>> [apiv2][query] POST https://upload-firebasehosting.googleapis.com/upload/sites/earthpol-insights/versions/1e5ec911f9382bc3/files/e990234a4cc592053778ee4908744f9adce19369f4f74b2dbab82185adb07c36 [none]
[debug] [2025-07-06T04:11:53.443Z] >>> [apiv2][body] POST https://upload-firebasehosting.googleapis.com/upload/sites/earthpol-insights/versions/1e5ec911f9382bc3/files/e990234a4cc592053778ee4908744f9adce19369f4f74b2dbab82185adb07c36 [stream]
[debug] [2025-07-06T04:11:53.443Z] >>> [apiv2][query] POST https://upload-firebasehosting.googleapis.com/upload/sites/earthpol-insights/versions/1e5ec911f9382bc3/files/22009211bb829edb01351bdcba681ec575a9fd9b3e1d1022e28b07169763e0f2 [none]
[debug] [2025-07-06T04:11:53.443Z] >>> [apiv2][body] POST https://upload-firebasehosting.googleapis.com/upload/sites/earthpol-insights/versions/1e5ec911f9382bc3/files/22009211bb829edb01351bdcba681ec575a9fd9b3e1d1022e28b07169763e0f2 [stream]
[debug] [2025-07-06T04:11:53.444Z] >>> [apiv2][query] POST https://upload-firebasehosting.googleapis.com/upload/sites/earthpol-insights/versions/1e5ec911f9382bc3/files/05c296e87ac7155c1f212bbf81666503d029e22a08f10d84ef86432a677ef118 [none]
[debug] [2025-07-06T04:11:53.444Z] >>> [apiv2][body] POST https://upload-firebasehosting.googleapis.com/upload/sites/earthpol-insights/versions/1e5ec911f9382bc3/files/05c296e87ac7155c1f212bbf81666503d029e22a08f10d84ef86432a677ef118 [stream]
[debug] [2025-07-06T04:11:53.444Z] >>> [apiv2][query] POST https://upload-firebasehosting.googleapis.com/upload/sites/earthpol-insights/versions/1e5ec911f9382bc3/files/5e6a9a89268a38d37a8ea292e6dbb7d530f75997e80504e910c359758f06e11e [none]
[debug] [2025-07-06T04:11:53.444Z] >>> [apiv2][body] POST https://upload-firebasehosting.googleapis.com/upload/sites/earthpol-insights/versions/1e5ec911f9382bc3/files/5e6a9a89268a38d37a8ea292e6dbb7d530f75997e80504e910c359758f06e11e [stream]
[debug] [2025-07-06T04:11:53.445Z] >>> [apiv2][query] POST https://upload-firebasehosting.googleapis.com/upload/sites/earthpol-insights/versions/1e5ec911f9382bc3/files/4608e9b9cf9967b2d29d6c62bf55594464d089b9d738240ca594c0df7322f524 [none]
[debug] [2025-07-06T04:11:53.445Z] >>> [apiv2][body] POST https://upload-firebasehosting.googleapis.com/upload/sites/earthpol-insights/versions/1e5ec911f9382bc3/files/4608e9b9cf9967b2d29d6c62bf55594464d089b9d738240ca594c0df7322f524 [stream]
[debug] [2025-07-06T04:11:53.446Z] >>> [apiv2][query] POST https://upload-firebasehosting.googleapis.com/upload/sites/earthpol-insights/versions/1e5ec911f9382bc3/files/4bef250fa38a3aa657ea029a474d6b003b5dbef45995b750d8554b807ff23e37 [none]
[debug] [2025-07-06T04:11:53.446Z] >>> [apiv2][body] POST https://upload-firebasehosting.googleapis.com/upload/sites/earthpol-insights/versions/1e5ec911f9382bc3/files/4bef250fa38a3aa657ea029a474d6b003b5dbef45995b750d8554b807ff23e37 [stream]
[debug] [2025-07-06T04:11:53.446Z] >>> [apiv2][query] POST https://upload-firebasehosting.googleapis.com/upload/sites/earthpol-insights/versions/1e5ec911f9382bc3/files/4d95520968dc47f8976217147c9bf6603d9809e972cee4f1ca45a3539ef5b235 [none]
[debug] [2025-07-06T04:11:53.446Z] >>> [apiv2][body] POST https://upload-firebasehosting.googleapis.com/upload/sites/earthpol-insights/versions/1e5ec911f9382bc3/files/4d95520968dc47f8976217147c9bf6603d9809e972cee4f1ca45a3539ef5b235 [stream]
[debug] [2025-07-06T04:11:53.447Z] >>> [apiv2][query] POST https://upload-firebasehosting.googleapis.com/upload/sites/earthpol-insights/versions/1e5ec911f9382bc3/files/6678254080eb4982c41a6d40cccd58df6d923d8cadb1375b436f0a0fe73b5fbe [none]
[debug] [2025-07-06T04:11:53.447Z] >>> [apiv2][body] POST https://upload-firebasehosting.googleapis.com/upload/sites/earthpol-insights/versions/1e5ec911f9382bc3/files/6678254080eb4982c41a6d40cccd58df6d923d8cadb1375b436f0a0fe73b5fbe [stream]
[debug] [2025-07-06T04:11:53.448Z] >>> [apiv2][query] POST https://upload-firebasehosting.googleapis.com/upload/sites/earthpol-insights/versions/1e5ec911f9382bc3/files/1b0356dff12ebe41ed4cefcbd6016389537f6fea9b850758729360fb2a3f3c55 [none]
[debug] [2025-07-06T04:11:53.448Z] >>> [apiv2][body] POST https://upload-firebasehosting.googleapis.com/upload/sites/earthpol-insights/versions/1e5ec911f9382bc3/files/1b0356dff12ebe41ed4cefcbd6016389537f6fea9b850758729360fb2a3f3c55 [stream]
[debug] [2025-07-06T04:11:53.448Z] >>> [apiv2][query] POST https://upload-firebasehosting.googleapis.com/upload/sites/earthpol-insights/versions/1e5ec911f9382bc3/files/224f164200e0d10124413bc3c2b20531a9f9d462d4d905a85b792ac65b2ebcb7 [none]
[debug] [2025-07-06T04:11:53.448Z] >>> [apiv2][body] POST https://upload-firebasehosting.googleapis.com/upload/sites/earthpol-insights/versions/1e5ec911f9382bc3/files/224f164200e0d10124413bc3c2b20531a9f9d462d4d905a85b792ac65b2ebcb7 [stream]
[debug] [2025-07-06T04:11:53.449Z] >>> [apiv2][query] POST https://upload-firebasehosting.googleapis.com/upload/sites/earthpol-insights/versions/1e5ec911f9382bc3/files/31609816096e39d8f61282e8cae2d304e96721456a2c4cba148ce6c07d097dfa [none]
[debug] [2025-07-06T04:11:53.449Z] >>> [apiv2][body] POST https://upload-firebasehosting.googleapis.com/upload/sites/earthpol-insights/versions/1e5ec911f9382bc3/files/31609816096e39d8f61282e8cae2d304e96721456a2c4cba148ce6c07d097dfa [stream]
[debug] [2025-07-06T04:11:53.450Z] [hosting][populate queue][FINAL] {"max":483,"min":483,"avg":483,"active":0,"complete":1,"success":1,"errored":0,"retried":0,"total":1,"elapsed":495}
[debug] [2025-07-06T04:11:53.450Z] [hosting] uploads queued: 15
[debug] [2025-07-06T04:11:54.291Z] <<< [apiv2][status] POST https://upload-firebasehosting.googleapis.com/upload/sites/earthpol-insights/versions/1e5ec911f9382bc3/files/6678254080eb4982c41a6d40cccd58df6d923d8cadb1375b436f0a0fe73b5fbe 200
[debug] [2025-07-06T04:11:54.291Z] <<< [apiv2][body] POST https://upload-firebasehosting.googleapis.com/upload/sites/earthpol-insights/versions/1e5ec911f9382bc3/files/6678254080eb4982c41a6d40cccd58df6d923d8cadb1375b436f0a0fe73b5fbe [stream]
[debug] [2025-07-06T04:11:54.291Z] <<< [apiv2][status] POST https://upload-firebasehosting.googleapis.com/upload/sites/earthpol-insights/versions/1e5ec911f9382bc3/files/4bef250fa38a3aa657ea029a474d6b003b5dbef45995b750d8554b807ff23e37 200
[debug] [2025-07-06T04:11:54.291Z] <<< [apiv2][body] POST https://upload-firebasehosting.googleapis.com/upload/sites/earthpol-insights/versions/1e5ec911f9382bc3/files/4bef250fa38a3aa657ea029a474d6b003b5dbef45995b750d8554b807ff23e37 [stream]
[debug] [2025-07-06T04:11:54.300Z] <<< [apiv2][status] POST https://upload-firebasehosting.googleapis.com/upload/sites/earthpol-insights/versions/1e5ec911f9382bc3/files/110d154bf6df803384f434776646c443de3ff803ebd4fa2d91b82cd5e9d655eb 200
[debug] [2025-07-06T04:11:54.301Z] <<< [apiv2][body] POST https://upload-firebasehosting.googleapis.com/upload/sites/earthpol-insights/versions/1e5ec911f9382bc3/files/110d154bf6df803384f434776646c443de3ff803ebd4fa2d91b82cd5e9d655eb [stream]
[debug] [2025-07-06T04:11:54.301Z] <<< [apiv2][status] POST https://upload-firebasehosting.googleapis.com/upload/sites/earthpol-insights/versions/1e5ec911f9382bc3/files/4d95520968dc47f8976217147c9bf6603d9809e972cee4f1ca45a3539ef5b235 200
[debug] [2025-07-06T04:11:54.301Z] <<< [apiv2][body] POST https://upload-firebasehosting.googleapis.com/upload/sites/earthpol-insights/versions/1e5ec911f9382bc3/files/4d95520968dc47f8976217147c9bf6603d9809e972cee4f1ca45a3539ef5b235 [stream]
[debug] [2025-07-06T04:11:54.332Z] <<< [apiv2][status] POST https://upload-firebasehosting.googleapis.com/upload/sites/earthpol-insights/versions/1e5ec911f9382bc3/files/05c296e87ac7155c1f212bbf81666503d029e22a08f10d84ef86432a677ef118 200
[debug] [2025-07-06T04:11:54.333Z] <<< [apiv2][body] POST https://upload-firebasehosting.googleapis.com/upload/sites/earthpol-insights/versions/1e5ec911f9382bc3/files/05c296e87ac7155c1f212bbf81666503d029e22a08f10d84ef86432a677ef118 [stream]
[debug] [2025-07-06T04:11:54.339Z] <<< [apiv2][status] POST https://upload-firebasehosting.googleapis.com/upload/sites/earthpol-insights/versions/1e5ec911f9382bc3/files/224f164200e0d10124413bc3c2b20531a9f9d462d4d905a85b792ac65b2ebcb7 200
[debug] [2025-07-06T04:11:54.339Z] <<< [apiv2][body] POST https://upload-firebasehosting.googleapis.com/upload/sites/earthpol-insights/versions/1e5ec911f9382bc3/files/224f164200e0d10124413bc3c2b20531a9f9d462d4d905a85b792ac65b2ebcb7 [stream]
[debug] [2025-07-06T04:11:54.379Z] <<< [apiv2][status] POST https://upload-firebasehosting.googleapis.com/upload/sites/earthpol-insights/versions/1e5ec911f9382bc3/files/22009211bb829edb01351bdcba681ec575a9fd9b3e1d1022e28b07169763e0f2 200
[debug] [2025-07-06T04:11:54.380Z] <<< [apiv2][body] POST https://upload-firebasehosting.googleapis.com/upload/sites/earthpol-insights/versions/1e5ec911f9382bc3/files/22009211bb829edb01351bdcba681ec575a9fd9b3e1d1022e28b07169763e0f2 [stream]
[debug] [2025-07-06T04:11:54.426Z] <<< [apiv2][status] POST https://upload-firebasehosting.googleapis.com/upload/sites/earthpol-insights/versions/1e5ec911f9382bc3/files/4c70eeba33589cf6fbf2e8e625cf50d03227481cb9c01b98469cca50d4da2449 200
[debug] [2025-07-06T04:11:54.426Z] <<< [apiv2][body] POST https://upload-firebasehosting.googleapis.com/upload/sites/earthpol-insights/versions/1e5ec911f9382bc3/files/4c70eeba33589cf6fbf2e8e625cf50d03227481cb9c01b98469cca50d4da2449 [stream]
[debug] [2025-07-06T04:11:54.427Z] <<< [apiv2][status] POST https://upload-firebasehosting.googleapis.com/upload/sites/earthpol-insights/versions/1e5ec911f9382bc3/files/5e6a9a89268a38d37a8ea292e6dbb7d530f75997e80504e910c359758f06e11e 200
[debug] [2025-07-06T04:11:54.427Z] <<< [apiv2][body] POST https://upload-firebasehosting.googleapis.com/upload/sites/earthpol-insights/versions/1e5ec911f9382bc3/files/5e6a9a89268a38d37a8ea292e6dbb7d530f75997e80504e910c359758f06e11e [stream]
[debug] [2025-07-06T04:11:54.427Z] <<< [apiv2][status] POST https://upload-firebasehosting.googleapis.com/upload/sites/earthpol-insights/versions/1e5ec911f9382bc3/files/1b0356dff12ebe41ed4cefcbd6016389537f6fea9b850758729360fb2a3f3c55 200
[debug] [2025-07-06T04:11:54.427Z] <<< [apiv2][body] POST https://upload-firebasehosting.googleapis.com/upload/sites/earthpol-insights/versions/1e5ec911f9382bc3/files/1b0356dff12ebe41ed4cefcbd6016389537f6fea9b850758729360fb2a3f3c55 [stream]
[debug] [2025-07-06T04:11:54.428Z] <<< [apiv2][status] POST https://upload-firebasehosting.googleapis.com/upload/sites/earthpol-insights/versions/1e5ec911f9382bc3/files/4608e9b9cf9967b2d29d6c62bf55594464d089b9d738240ca594c0df7322f524 200
[debug] [2025-07-06T04:11:54.428Z] <<< [apiv2][body] POST https://upload-firebasehosting.googleapis.com/upload/sites/earthpol-insights/versions/1e5ec911f9382bc3/files/4608e9b9cf9967b2d29d6c62bf55594464d089b9d738240ca594c0df7322f524 [stream]
[debug] [2025-07-06T04:11:54.437Z] <<< [apiv2][status] POST https://upload-firebasehosting.googleapis.com/upload/sites/earthpol-insights/versions/1e5ec911f9382bc3/files/59ea538c129aab680aa5c8b7734f44c7a79b5affcc67403d2681a5a408845036 200
[debug] [2025-07-06T04:11:54.437Z] <<< [apiv2][body] POST https://upload-firebasehosting.googleapis.com/upload/sites/earthpol-insights/versions/1e5ec911f9382bc3/files/59ea538c129aab680aa5c8b7734f44c7a79b5affcc67403d2681a5a408845036 [stream]
[debug] [2025-07-06T04:11:54.460Z] <<< [apiv2][status] POST https://upload-firebasehosting.googleapis.com/upload/sites/earthpol-insights/versions/1e5ec911f9382bc3/files/31609816096e39d8f61282e8cae2d304e96721456a2c4cba148ce6c07d097dfa 200
[debug] [2025-07-06T04:11:54.460Z] <<< [apiv2][body] POST https://upload-firebasehosting.googleapis.com/upload/sites/earthpol-insights/versions/1e5ec911f9382bc3/files/31609816096e39d8f61282e8cae2d304e96721456a2c4cba148ce6c07d097dfa [stream]
[debug] [2025-07-06T04:11:54.481Z] <<< [apiv2][status] POST https://upload-firebasehosting.googleapis.com/upload/sites/earthpol-insights/versions/1e5ec911f9382bc3/files/e990234a4cc592053778ee4908744f9adce19369f4f74b2dbab82185adb07c36 200
[debug] [2025-07-06T04:11:54.481Z] <<< [apiv2][body] POST https://upload-firebasehosting.googleapis.com/upload/sites/earthpol-insights/versions/1e5ec911f9382bc3/files/e990234a4cc592053778ee4908744f9adce19369f4f74b2dbab82185adb07c36 [stream]
[debug] [2025-07-06T04:11:54.524Z] <<< [apiv2][status] POST https://upload-firebasehosting.googleapis.com/upload/sites/earthpol-insights/versions/1e5ec911f9382bc3/files/92b02c17c056963ef6faa6e8604ccc0cb48bc46a56f8dd85bfa7757a27ddc26e 200
[debug] [2025-07-06T04:11:54.525Z] <<< [apiv2][body] POST https://upload-firebasehosting.googleapis.com/upload/sites/earthpol-insights/versions/1e5ec911f9382bc3/files/92b02c17c056963ef6faa6e8604ccc0cb48bc46a56f8dd85bfa7757a27ddc26e [stream]
[debug] [2025-07-06T04:11:54.525Z] [hosting][upload queue][FINAL] {"max":1090,"min":854,"avg":953.8666666666667,"active":0,"complete":15,"success":15,"errored":0,"retried":0,"total":15,"elapsed":1091}
[info] ✔  hosting[earthpol-insights]: file upload complete 
[debug] [2025-07-06T04:11:54.525Z] [hosting] deploy completed after 1662ms
[info] i  functions: updating Node.js 20 (2nd Gen) function firebase-frameworks-earthpol-insights:ssrearthpolinsights(us-central1)... 
[debug] [2025-07-06T04:11:54.529Z] Checked if tokens are valid: true, expires at: 1751778587011
[debug] [2025-07-06T04:11:54.529Z] Checked if tokens are valid: true, expires at: 1751778587011
[debug] [2025-07-06T04:11:54.529Z] >>> [apiv2][query] PATCH https://cloudfunctions.googleapis.com/v2/projects/earthpol-insights/locations/us-central1/functions/ssrearthpolinsights updateMask=name%2CbuildConfig.runtime%2CbuildConfig.entryPoint%2CbuildConfig.source.storageSource.bucket%2CbuildConfig.source.storageSource.object%2CbuildConfig.environmentVariables%2CbuildConfig.sourceToken%2CserviceConfig.environmentVariables%2CserviceConfig.ingressSettings%2CserviceConfig.timeoutSeconds%2CserviceConfig.serviceAccountEmail%2CserviceConfig.availableMemory%2CserviceConfig.minInstanceCount%2CserviceConfig.maxInstanceCount%2CserviceConfig.maxInstanceRequestConcurrency%2CserviceConfig.availableCpu%2CserviceConfig.vpcConnector%2CserviceConfig.vpcConnectorEgressSettings%2Clabels
[debug] [2025-07-06T04:11:54.529Z] >>> [apiv2][body] PATCH https://cloudfunctions.googleapis.com/v2/projects/earthpol-insights/locations/us-central1/functions/ssrearthpolinsights {"name":"projects/earthpol-insights/locations/us-central1/functions/ssrearthpolinsights","buildConfig":{"runtime":"nodejs20","entryPoint":"ssrearthpolinsights","source":{"storageSource":{"bucket":"gcf-v2-uploads-550138244897.us-central1.cloudfunctions.appspot.com","object":"88fe0d5e-66f5-42fc-bf6f-c0d738237c01.zip"}},"environmentVariables":{"GOOGLE_NODE_RUN_SCRIPTS":""}},"serviceConfig":{"environmentVariables":{"VERCEL_URL":"earthpol-insights.web.app","__FIREBASE_FRAMEWORKS_ENTRY__":"next.js","__FIREBASE_DEFAULTS__":"{\"config\":{\"projectId\":\"earthpol-insights\",\"appId\":\"1:550138244897:web:43fe595ea9bf57f7f29860\",\"storageBucket\":\"earthpol-insights.firebasestorage.app\",\"apiKey\":\"AIzaSyDgsO-AlUIsBrbKd8GDBygCMiOzqmSFv60\",\"authDomain\":\"earthpol-insights.firebaseapp.com\",\"messagingSenderId\":\"550138244897\",\"measurementId\":\"G-28X0Q0LFBF\"},\"_authTokenSyncURL\":\"/__session\"}","FIREBASE_CONFIG":"{\"projectId\":\"earthpol-insights\",\"storageBucket\":\"earthpol-insights.firebasestorage.app\"}","GCLOUD_PROJECT":"earthpol-insights","EVENTARC_CLOUD_EVENT_SOURCE":"projects/earthpol-insights/locations/us-central1/services/ssrearthpolinsights","FUNCTION_TARGET":"ssrearthpolinsights","LOG_EXECUTION_ID":"true"},"ingressSettings":null,"timeoutSeconds":null,"serviceAccountEmail":null,"availableMemory":"256Mi","minInstanceCount":null,"maxInstanceCount":null,"maxInstanceRequestConcurrency":80,"availableCpu":"1","vpcConnector":null,"vpcConnectorEgressSettings":null},"labels":{"deployment-tool":"cli-firebase","firebase-functions-codebase":"firebase-frameworks-earthpol-insights","firebase-functions-hash":"36ff9316acee68dc662e7a1b559a85ea55e068f2"}}
[debug] [2025-07-06T04:11:55.953Z] <<< [apiv2][status] PATCH https://cloudfunctions.googleapis.com/v2/projects/earthpol-insights/locations/us-central1/functions/ssrearthpolinsights 200
[debug] [2025-07-06T04:11:55.954Z] <<< [apiv2][body] PATCH https://cloudfunctions.googleapis.com/v2/projects/earthpol-insights/locations/us-central1/functions/ssrearthpolinsights {"name":"projects/earthpol-insights/locations/us-central1/operations/operation-1751775114440-6393aed6c30af-75de0157-4d5da307","metadata":{"@type":"type.googleapis.com/google.cloud.functions.v2.OperationMetadata","createTime":"2025-07-06T04:11:55.537079953Z","target":"projects/earthpol-insights/locations/us-central1/functions/ssrearthpolinsights","verb":"update","cancelRequested":false,"apiVersion":"v2"},"done":false}
[debug] [2025-07-06T04:11:55.954Z] Checked if tokens are valid: true, expires at: 1751778587011
[debug] [2025-07-06T04:11:55.954Z] Checked if tokens are valid: true, expires at: 1751778587011
[debug] [2025-07-06T04:11:55.954Z] >>> [apiv2][query] GET https://cloudfunctions.googleapis.com/v2/projects/earthpol-insights/locations/us-central1/operations/operation-1751775114440-6393aed6c30af-75de0157-4d5da307 [none]
[debug] [2025-07-06T04:11:56.081Z] <<< [apiv2][status] GET https://cloudfunctions.googleapis.com/v2/projects/earthpol-insights/locations/us-central1/operations/operation-1751775114440-6393aed6c30af-75de0157-4d5da307 200
[debug] [2025-07-06T04:11:56.081Z] <<< [apiv2][body] GET https://cloudfunctions.googleapis.com/v2/projects/earthpol-insights/locations/us-central1/operations/operation-1751775114440-6393aed6c30af-75de0157-4d5da307 {"name":"projects/earthpol-insights/locations/us-central1/operations/operation-1751775114440-6393aed6c30af-75de0157-4d5da307","metadata":{"@type":"type.googleapis.com/google.cloud.functions.v2.OperationMetadata","createTime":"2025-07-06T04:11:55.537079953Z","target":"projects/earthpol-insights/locations/us-central1/functions/ssrearthpolinsights","verb":"update","cancelRequested":false,"apiVersion":"v2"},"done":false}
[debug] [2025-07-06T04:11:56.583Z] [update-firebase-frameworks-earthpol-insights-us-central1-ssrearthpolinsights] Retrying task index 0
[debug] [2025-07-06T04:11:56.583Z] Checked if tokens are valid: true, expires at: 1751778587011
[debug] [2025-07-06T04:11:56.583Z] Checked if tokens are valid: true, expires at: 1751778587011
[debug] [2025-07-06T04:11:56.583Z] >>> [apiv2][query] GET https://cloudfunctions.googleapis.com/v2/projects/earthpol-insights/locations/us-central1/operations/operation-1751775114440-6393aed6c30af-75de0157-4d5da307 [none]
[debug] [2025-07-06T04:11:56.689Z] <<< [apiv2][status] GET https://cloudfunctions.googleapis.com/v2/projects/earthpol-insights/locations/us-central1/operations/operation-1751775114440-6393aed6c30af-75de0157-4d5da307 200
[debug] [2025-07-06T04:11:56.690Z] <<< [apiv2][body] GET https://cloudfunctions.googleapis.com/v2/projects/earthpol-insights/locations/us-central1/operations/operation-1751775114440-6393aed6c30af-75de0157-4d5da307 {"name":"projects/earthpol-insights/locations/us-central1/operations/operation-1751775114440-6393aed6c30af-75de0157-4d5da307","metadata":{"@type":"type.googleapis.com/google.cloud.functions.v2.OperationMetadata","createTime":"2025-07-06T04:11:55.537079953Z","target":"projects/earthpol-insights/locations/us-central1/functions/ssrearthpolinsights","verb":"update","cancelRequested":false,"apiVersion":"v2","requestResource":{"@type":"type.googleapis.com/google.cloud.functions.v2.Function","name":"projects/earthpol-insights/locations/us-central1/functions/ssrearthpolinsights","buildConfig":{"runtime":"nodejs20","entryPoint":"ssrearthpolinsights","source":{"storageSource":{"bucket":"gcf-v2-sources-550138244897-us-central1","object":"ssrearthpolinsights/function-source.zip","generation":"1751775115474118"}},"environmentVariables":{"GOOGLE_NODE_RUN_SCRIPTS":""},"dockerRepository":"projects/earthpol-insights/locations/us-central1/repositories/gcf-artifacts","sourceProvenance":{"resolvedStorageSource":{"bucket":"gcf-v2-sources-550138244897-us-central1","object":"ssrearthpolinsights/function-source.zip","generation":"1751728868719975"}},"dockerRegistry":"ARTIFACT_REGISTRY","serviceAccount":"projects/earthpol-insights/serviceAccounts/550138244897-compute@developer.gserviceaccount.com","automaticUpdatePolicy":{}},"serviceConfig":{"service":"projects/earthpol-insights/locations/us-central1/services/ssrearthpolinsights","timeoutSeconds":60,"environmentVariables":{"VERCEL_URL":"earthpol-insights.web.app","__FIREBASE_FRAMEWORKS_ENTRY__":"next.js","__FIREBASE_DEFAULTS__":"{\"config\":{\"projectId\":\"earthpol-insights\",\"appId\":\"1:550138244897:web:43fe595ea9bf57f7f29860\",\"storageBucket\":\"earthpol-insights.firebasestorage.app\",\"apiKey\":\"AIzaSyDgsO-AlUIsBrbKd8GDBygCMiOzqmSFv60\",\"authDomain\":\"earthpol-insights.firebaseapp.com\",\"messagingSenderId\":\"550138244897\",\"measurementId\":\"G-28X0Q0LFBF\"},\"_authTokenSyncURL\":\"/__session\"}","FIREBASE_CONFIG":"{\"projectId\":\"earthpol-insights\",\"storageBucket\":\"earthpol-insights.firebasestorage.app\"}","GCLOUD_PROJECT":"earthpol-insights","EVENTARC_CLOUD_EVENT_SOURCE":"projects/earthpol-insights/locations/us-central1/services/ssrearthpolinsights","FUNCTION_TARGET":"ssrearthpolinsights","LOG_EXECUTION_ID":"true"},"ingressSettings":"ALLOW_ALL","uri":"https://ssrearthpolinsights-flkpgqxtka-uc.a.run.app","serviceAccountEmail":"550138244897-compute@developer.gserviceaccount.com","availableMemory":"256Mi","allTrafficOnLatestRevision":true,"revision":"ssrearthpolinsights-00050-zud","maxInstanceRequestConcurrency":80,"availableCpu":"1"},"state":"ACTIVE","labels":{"deployment-tool":"cli-firebase","firebase-functions-codebase":"firebase-frameworks-earthpol-insights","firebase-functions-hash":"36ff9316acee68dc662e7a1b559a85ea55e068f2"},"environment":"GEN_2","url":"https://us-central1-earthpol-insights.cloudfunctions.net/ssrearthpolinsights","satisfiesPzi":true},"stages":[{"name":"BUILD","state":"NOT_STARTED"},{"name":"SERVICE","state":"NOT_STARTED"}],"operationType":"UPDATE_FUNCTION"},"done":false}
[debug] [2025-07-06T04:11:57.690Z] [update-firebase-frameworks-earthpol-insights-us-central1-ssrearthpolinsights] Retrying task index 0
[debug] [2025-07-06T04:11:57.690Z] Checked if tokens are valid: true, expires at: 1751778587011
[debug] [2025-07-06T04:11:57.690Z] Checked if tokens are valid: true, expires at: 1751778587011
[debug] [2025-07-06T04:11:57.690Z] >>> [apiv2][query] GET https://cloudfunctions.googleapis.com/v2/projects/earthpol-insights/locations/us-central1/operations/operation-1751775114440-6393aed6c30af-75de0157-4d5da307 [none]
[debug] [2025-07-06T04:11:57.843Z] <<< [apiv2][status] GET https://cloudfunctions.googleapis.com/v2/projects/earthpol-insights/locations/us-central1/operations/operation-1751775114440-6393aed6c30af-75de0157-4d5da307 200
[debug] [2025-07-06T04:11:57.843Z] <<< [apiv2][body] GET https://cloudfunctions.googleapis.com/v2/projects/earthpol-insights/locations/us-central1/operations/operation-1751775114440-6393aed6c30af-75de0157-4d5da307 {"name":"projects/earthpol-insights/locations/us-central1/operations/operation-1751775114440-6393aed6c30af-75de0157-4d5da307","metadata":{"@type":"type.googleapis.com/google.cloud.functions.v2.OperationMetadata","createTime":"2025-07-06T04:11:55.537079953Z","target":"projects/earthpol-insights/locations/us-central1/functions/ssrearthpolinsights","verb":"update","cancelRequested":false,"apiVersion":"v2","requestResource":{"@type":"type.googleapis.com/google.cloud.functions.v2.Function","name":"projects/earthpol-insights/locations/us-central1/functions/ssrearthpolinsights","buildConfig":{"runtime":"nodejs20","entryPoint":"ssrearthpolinsights","source":{"storageSource":{"bucket":"gcf-v2-sources-550138244897-us-central1","object":"ssrearthpolinsights/function-source.zip","generation":"1751775115474118"}},"environmentVariables":{"GOOGLE_NODE_RUN_SCRIPTS":""},"dockerRepository":"projects/earthpol-insights/locations/us-central1/repositories/gcf-artifacts","sourceProvenance":{"resolvedStorageSource":{"bucket":"gcf-v2-sources-550138244897-us-central1","object":"ssrearthpolinsights/function-source.zip","generation":"1751728868719975"}},"dockerRegistry":"ARTIFACT_REGISTRY","serviceAccount":"projects/earthpol-insights/serviceAccounts/550138244897-compute@developer.gserviceaccount.com","automaticUpdatePolicy":{}},"serviceConfig":{"service":"projects/earthpol-insights/locations/us-central1/services/ssrearthpolinsights","timeoutSeconds":60,"environmentVariables":{"VERCEL_URL":"earthpol-insights.web.app","__FIREBASE_FRAMEWORKS_ENTRY__":"next.js","__FIREBASE_DEFAULTS__":"{\"config\":{\"projectId\":\"earthpol-insights\",\"appId\":\"1:550138244897:web:43fe595ea9bf57f7f29860\",\"storageBucket\":\"earthpol-insights.firebasestorage.app\",\"apiKey\":\"AIzaSyDgsO-AlUIsBrbKd8GDBygCMiOzqmSFv60\",\"authDomain\":\"earthpol-insights.firebaseapp.com\",\"messagingSenderId\":\"550138244897\",\"measurementId\":\"G-28X0Q0LFBF\"},\"_authTokenSyncURL\":\"/__session\"}","FIREBASE_CONFIG":"{\"projectId\":\"earthpol-insights\",\"storageBucket\":\"earthpol-insights.firebasestorage.app\"}","GCLOUD_PROJECT":"earthpol-insights","EVENTARC_CLOUD_EVENT_SOURCE":"projects/earthpol-insights/locations/us-central1/services/ssrearthpolinsights","FUNCTION_TARGET":"ssrearthpolinsights","LOG_EXECUTION_ID":"true"},"ingressSettings":"ALLOW_ALL","uri":"https://ssrearthpolinsights-flkpgqxtka-uc.a.run.app","serviceAccountEmail":"550138244897-compute@developer.gserviceaccount.com","availableMemory":"256Mi","allTrafficOnLatestRevision":true,"revision":"ssrearthpolinsights-00050-zud","maxInstanceRequestConcurrency":80,"availableCpu":"1"},"state":"ACTIVE","labels":{"deployment-tool":"cli-firebase","firebase-functions-codebase":"firebase-frameworks-earthpol-insights","firebase-functions-hash":"36ff9316acee68dc662e7a1b559a85ea55e068f2"},"environment":"GEN_2","url":"https://us-central1-earthpol-insights.cloudfunctions.net/ssrearthpolinsights","satisfiesPzi":true},"stages":[{"name":"BUILD","message":"Build in progress","state":"IN_PROGRESS","resource":"projects/550138244897/locations/us-central1/builds/3a71adf5-5ac4-492b-88a7-7adf9a2d6361","resourceUri":"https://console.cloud.google.com/cloud-build/builds;region=us-central1/3a71adf5-5ac4-492b-88a7-7adf9a2d6361?project=550138244897"},{"name":"SERVICE","state":"NOT_STARTED"}],"operationType":"UPDATE_FUNCTION","buildName":"projects/550138244897/locations/us-central1/builds/3a71adf5-5ac4-492b-88a7-7adf9a2d6361"},"done":false}
[debug] [2025-07-06T04:11:59.844Z] [update-firebase-frameworks-earthpol-insights-us-central1-ssrearthpolinsights] Retrying task index 0
[debug] [2025-07-06T04:11:59.845Z] Checked if tokens are valid: true, expires at: 1751778587011
[debug] [2025-07-06T04:11:59.845Z] Checked if tokens are valid: true, expires at: 1751778587011
[debug] [2025-07-06T04:11:59.845Z] >>> [apiv2][query] GET https://cloudfunctions.googleapis.com/v2/projects/earthpol-insights/locations/us-central1/operations/operation-1751775114440-6393aed6c30af-75de0157-4d5da307 [none]
[debug] [2025-07-06T04:11:59.982Z] <<< [apiv2][status] GET https://cloudfunctions.googleapis.com/v2/projects/earthpol-insights/locations/us-central1/operations/operation-1751775114440-6393aed6c30af-75de0157-4d5da307 200
[debug] [2025-07-06T04:11:59.982Z] <<< [apiv2][body] GET https://cloudfunctions.googleapis.com/v2/projects/earthpol-insights/locations/us-central1/operations/operation-1751775114440-6393aed6c30af-75de0157-4d5da307 {"name":"projects/earthpol-insights/locations/us-central1/operations/operation-1751775114440-6393aed6c30af-75de0157-4d5da307","metadata":{"@type":"type.googleapis.com/google.cloud.functions.v2.OperationMetadata","createTime":"2025-07-06T04:11:55.537079953Z","target":"projects/earthpol-insights/locations/us-central1/functions/ssrearthpolinsights","verb":"update","cancelRequested":false,"apiVersion":"v2","requestResource":{"@type":"type.googleapis.com/google.cloud.functions.v2.Function","name":"projects/earthpol-insights/locations/us-central1/functions/ssrearthpolinsights","buildConfig":{"runtime":"nodejs20","entryPoint":"ssrearthpolinsights","source":{"storageSource":{"bucket":"gcf-v2-sources-550138244897-us-central1","object":"ssrearthpolinsights/function-source.zip","generation":"1751775115474118"}},"environmentVariables":{"GOOGLE_NODE_RUN_SCRIPTS":""},"dockerRepository":"projects/earthpol-insights/locations/us-central1/repositories/gcf-artifacts","sourceProvenance":{"resolvedStorageSource":{"bucket":"gcf-v2-sources-550138244897-us-central1","object":"ssrearthpolinsights/function-source.zip","generation":"1751728868719975"}},"dockerRegistry":"ARTIFACT_REGISTRY","serviceAccount":"projects/earthpol-insights/serviceAccounts/550138244897-compute@developer.gserviceaccount.com","automaticUpdatePolicy":{}},"serviceConfig":{"service":"projects/earthpol-insights/locations/us-central1/services/ssrearthpolinsights","timeoutSeconds":60,"environmentVariables":{"VERCEL_URL":"earthpol-insights.web.app","__FIREBASE_FRAMEWORKS_ENTRY__":"next.js","__FIREBASE_DEFAULTS__":"{\"config\":{\"projectId\":\"earthpol-insights\",\"appId\":\"1:550138244897:web:43fe595ea9bf57f7f29860\",\"storageBucket\":\"earthpol-insights.firebasestorage.app\",\"apiKey\":\"AIzaSyDgsO-AlUIsBrbKd8GDBygCMiOzqmSFv60\",\"authDomain\":\"earthpol-insights.firebaseapp.com\",\"messagingSenderId\":\"550138244897\",\"measurementId\":\"G-28X0Q0LFBF\"},\"_authTokenSyncURL\":\"/__session\"}","FIREBASE_CONFIG":"{\"projectId\":\"earthpol-insights\",\"storageBucket\":\"earthpol-insights.firebasestorage.app\"}","GCLOUD_PROJECT":"earthpol-insights","EVENTARC_CLOUD_EVENT_SOURCE":"projects/earthpol-insights/locations/us-central1/services/ssrearthpolinsights","FUNCTION_TARGET":"ssrearthpolinsights","LOG_EXECUTION_ID":"true"},"ingressSettings":"ALLOW_ALL","uri":"https://ssrearthpolinsights-flkpgqxtka-uc.a.run.app","serviceAccountEmail":"550138244897-compute@developer.gserviceaccount.com","availableMemory":"256Mi","allTrafficOnLatestRevision":true,"revision":"ssrearthpolinsights-00050-zud","maxInstanceRequestConcurrency":80,"availableCpu":"1"},"state":"ACTIVE","labels":{"deployment-tool":"cli-firebase","firebase-functions-codebase":"firebase-frameworks-earthpol-insights","firebase-functions-hash":"36ff9316acee68dc662e7a1b559a85ea55e068f2"},"environment":"GEN_2","url":"https://us-central1-earthpol-insights.cloudfunctions.net/ssrearthpolinsights","satisfiesPzi":true},"stages":[{"name":"BUILD","message":"Build in progress","state":"IN_PROGRESS","resource":"projects/550138244897/locations/us-central1/builds/3a71adf5-5ac4-492b-88a7-7adf9a2d6361","resourceUri":"https://console.cloud.google.com/cloud-build/builds;region=us-central1/3a71adf5-5ac4-492b-88a7-7adf9a2d6361?project=550138244897"},{"name":"SERVICE","state":"NOT_STARTED"}],"operationType":"UPDATE_FUNCTION","buildName":"projects/550138244897/locations/us-central1/builds/3a71adf5-5ac4-492b-88a7-7adf9a2d6361"},"done":false}
[debug] [2025-07-06T04:12:03.983Z] [update-firebase-frameworks-earthpol-insights-us-central1-ssrearthpolinsights] Retrying task index 0
[debug] [2025-07-06T04:12:03.983Z] Checked if tokens are valid: true, expires at: 1751778587011
[debug] [2025-07-06T04:12:03.983Z] Checked if tokens are valid: true, expires at: 1751778587011
[debug] [2025-07-06T04:12:03.984Z] >>> [apiv2][query] GET https://cloudfunctions.googleapis.com/v2/projects/earthpol-insights/locations/us-central1/operations/operation-1751775114440-6393aed6c30af-75de0157-4d5da307 [none]
[debug] [2025-07-06T04:12:04.124Z] <<< [apiv2][status] GET https://cloudfunctions.googleapis.com/v2/projects/earthpol-insights/locations/us-central1/operations/operation-1751775114440-6393aed6c30af-75de0157-4d5da307 200
[debug] [2025-07-06T04:12:04.124Z] <<< [apiv2][body] GET https://cloudfunctions.googleapis.com/v2/projects/earthpol-insights/locations/us-central1/operations/operation-1751775114440-6393aed6c30af-75de0157-4d5da307 {"name":"projects/earthpol-insights/locations/us-central1/operations/operation-1751775114440-6393aed6c30af-75de0157-4d5da307","metadata":{"@type":"type.googleapis.com/google.cloud.functions.v2.OperationMetadata","createTime":"2025-07-06T04:11:55.537079953Z","target":"projects/earthpol-insights/locations/us-central1/functions/ssrearthpolinsights","verb":"update","cancelRequested":false,"apiVersion":"v2","requestResource":{"@type":"type.googleapis.com/google.cloud.functions.v2.Function","name":"projects/earthpol-insights/locations/us-central1/functions/ssrearthpolinsights","buildConfig":{"runtime":"nodejs20","entryPoint":"ssrearthpolinsights","source":{"storageSource":{"bucket":"gcf-v2-sources-550138244897-us-central1","object":"ssrearthpolinsights/function-source.zip","generation":"1751775115474118"}},"environmentVariables":{"GOOGLE_NODE_RUN_SCRIPTS":""},"dockerRepository":"projects/earthpol-insights/locations/us-central1/repositories/gcf-artifacts","sourceProvenance":{"resolvedStorageSource":{"bucket":"gcf-v2-sources-550138244897-us-central1","object":"ssrearthpolinsights/function-source.zip","generation":"1751728868719975"}},"dockerRegistry":"ARTIFACT_REGISTRY","serviceAccount":"projects/earthpol-insights/serviceAccounts/550138244897-compute@developer.gserviceaccount.com","automaticUpdatePolicy":{}},"serviceConfig":{"service":"projects/earthpol-insights/locations/us-central1/services/ssrearthpolinsights","timeoutSeconds":60,"environmentVariables":{"VERCEL_URL":"earthpol-insights.web.app","__FIREBASE_FRAMEWORKS_ENTRY__":"next.js","__FIREBASE_DEFAULTS__":"{\"config\":{\"projectId\":\"earthpol-insights\",\"appId\":\"1:550138244897:web:43fe595ea9bf57f7f29860\",\"storageBucket\":\"earthpol-insights.firebasestorage.app\",\"apiKey\":\"AIzaSyDgsO-AlUIsBrbKd8GDBygCMiOzqmSFv60\",\"authDomain\":\"earthpol-insights.firebaseapp.com\",\"messagingSenderId\":\"550138244897\",\"measurementId\":\"G-28X0Q0LFBF\"},\"_authTokenSyncURL\":\"/__session\"}","FIREBASE_CONFIG":"{\"projectId\":\"earthpol-insights\",\"storageBucket\":\"earthpol-insights.firebasestorage.app\"}","GCLOUD_PROJECT":"earthpol-insights","EVENTARC_CLOUD_EVENT_SOURCE":"projects/earthpol-insights/locations/us-central1/services/ssrearthpolinsights","FUNCTION_TARGET":"ssrearthpolinsights","LOG_EXECUTION_ID":"true"},"ingressSettings":"ALLOW_ALL","uri":"https://ssrearthpolinsights-flkpgqxtka-uc.a.run.app","serviceAccountEmail":"550138244897-compute@developer.gserviceaccount.com","availableMemory":"256Mi","allTrafficOnLatestRevision":true,"revision":"ssrearthpolinsights-00050-zud","maxInstanceRequestConcurrency":80,"availableCpu":"1"},"state":"ACTIVE","labels":{"deployment-tool":"cli-firebase","firebase-functions-codebase":"firebase-frameworks-earthpol-insights","firebase-functions-hash":"36ff9316acee68dc662e7a1b559a85ea55e068f2"},"environment":"GEN_2","url":"https://us-central1-earthpol-insights.cloudfunctions.net/ssrearthpolinsights","satisfiesPzi":true},"stages":[{"name":"BUILD","message":"Build in progress","state":"IN_PROGRESS","resource":"projects/550138244897/locations/us-central1/builds/3a71adf5-5ac4-492b-88a7-7adf9a2d6361","resourceUri":"https://console.cloud.google.com/cloud-build/builds;region=us-central1/3a71adf5-5ac4-492b-88a7-7adf9a2d6361?project=550138244897"},{"name":"SERVICE","state":"NOT_STARTED"}],"operationType":"UPDATE_FUNCTION","buildName":"projects/550138244897/locations/us-central1/builds/3a71adf5-5ac4-492b-88a7-7adf9a2d6361"},"done":false}
[debug] [2025-07-06T04:12:12.125Z] [update-firebase-frameworks-earthpol-insights-us-central1-ssrearthpolinsights] Retrying task index 0
[debug] [2025-07-06T04:12:12.125Z] Checked if tokens are valid: true, expires at: 1751778587011
[debug] [2025-07-06T04:12:12.125Z] Checked if tokens are valid: true, expires at: 1751778587011
[debug] [2025-07-06T04:12:12.125Z] >>> [apiv2][query] GET https://cloudfunctions.googleapis.com/v2/projects/earthpol-insights/locations/us-central1/operations/operation-1751775114440-6393aed6c30af-75de0157-4d5da307 [none]
[debug] [2025-07-06T04:12:12.387Z] <<< [apiv2][status] GET https://cloudfunctions.googleapis.com/v2/projects/earthpol-insights/locations/us-central1/operations/operation-1751775114440-6393aed6c30af-75de0157-4d5da307 200
[debug] [2025-07-06T04:12:12.387Z] <<< [apiv2][body] GET https://cloudfunctions.googleapis.com/v2/projects/earthpol-insights/locations/us-central1/operations/operation-1751775114440-6393aed6c30af-75de0157-4d5da307 {"name":"projects/earthpol-insights/locations/us-central1/operations/operation-1751775114440-6393aed6c30af-75de0157-4d5da307","metadata":{"@type":"type.googleapis.com/google.cloud.functions.v2.OperationMetadata","createTime":"2025-07-06T04:11:55.537079953Z","target":"projects/earthpol-insights/locations/us-central1/functions/ssrearthpolinsights","verb":"update","cancelRequested":false,"apiVersion":"v2","requestResource":{"@type":"type.googleapis.com/google.cloud.functions.v2.Function","name":"projects/earthpol-insights/locations/us-central1/functions/ssrearthpolinsights","buildConfig":{"runtime":"nodejs20","entryPoint":"ssrearthpolinsights","source":{"storageSource":{"bucket":"gcf-v2-sources-550138244897-us-central1","object":"ssrearthpolinsights/function-source.zip","generation":"1751775115474118"}},"environmentVariables":{"GOOGLE_NODE_RUN_SCRIPTS":""},"dockerRepository":"projects/earthpol-insights/locations/us-central1/repositories/gcf-artifacts","sourceProvenance":{"resolvedStorageSource":{"bucket":"gcf-v2-sources-550138244897-us-central1","object":"ssrearthpolinsights/function-source.zip","generation":"1751728868719975"}},"dockerRegistry":"ARTIFACT_REGISTRY","serviceAccount":"projects/earthpol-insights/serviceAccounts/550138244897-compute@developer.gserviceaccount.com","automaticUpdatePolicy":{}},"serviceConfig":{"service":"projects/earthpol-insights/locations/us-central1/services/ssrearthpolinsights","timeoutSeconds":60,"environmentVariables":{"VERCEL_URL":"earthpol-insights.web.app","__FIREBASE_FRAMEWORKS_ENTRY__":"next.js","__FIREBASE_DEFAULTS__":"{\"config\":{\"projectId\":\"earthpol-insights\",\"appId\":\"1:550138244897:web:43fe595ea9bf57f7f29860\",\"storageBucket\":\"earthpol-insights.firebasestorage.app\",\"apiKey\":\"AIzaSyDgsO-AlUIsBrbKd8GDBygCMiOzqmSFv60\",\"authDomain\":\"earthpol-insights.firebaseapp.com\",\"messagingSenderId\":\"550138244897\",\"measurementId\":\"G-28X0Q0LFBF\"},\"_authTokenSyncURL\":\"/__session\"}","FIREBASE_CONFIG":"{\"projectId\":\"earthpol-insights\",\"storageBucket\":\"earthpol-insights.firebasestorage.app\"}","GCLOUD_PROJECT":"earthpol-insights","EVENTARC_CLOUD_EVENT_SOURCE":"projects/earthpol-insights/locations/us-central1/services/ssrearthpolinsights","FUNCTION_TARGET":"ssrearthpolinsights","LOG_EXECUTION_ID":"true"},"ingressSettings":"ALLOW_ALL","uri":"https://ssrearthpolinsights-flkpgqxtka-uc.a.run.app","serviceAccountEmail":"550138244897-compute@developer.gserviceaccount.com","availableMemory":"256Mi","allTrafficOnLatestRevision":true,"revision":"ssrearthpolinsights-00050-zud","maxInstanceRequestConcurrency":80,"availableCpu":"1"},"state":"ACTIVE","labels":{"deployment-tool":"cli-firebase","firebase-functions-codebase":"firebase-frameworks-earthpol-insights","firebase-functions-hash":"36ff9316acee68dc662e7a1b559a85ea55e068f2"},"environment":"GEN_2","url":"https://us-central1-earthpol-insights.cloudfunctions.net/ssrearthpolinsights","satisfiesPzi":true},"stages":[{"name":"BUILD","message":"Build in progress","state":"IN_PROGRESS","resource":"projects/550138244897/locations/us-central1/builds/3a71adf5-5ac4-492b-88a7-7adf9a2d6361","resourceUri":"https://console.cloud.google.com/cloud-build/builds;region=us-central1/3a71adf5-5ac4-492b-88a7-7adf9a2d6361?project=550138244897"},{"name":"SERVICE","state":"NOT_STARTED"}],"operationType":"UPDATE_FUNCTION","buildName":"projects/550138244897/locations/us-central1/builds/3a71adf5-5ac4-492b-88a7-7adf9a2d6361"},"done":false}
[debug] [2025-07-06T04:12:22.392Z] [update-firebase-frameworks-earthpol-insights-us-central1-ssrearthpolinsights] Retrying task index 0
[debug] [2025-07-06T04:12:22.392Z] Checked if tokens are valid: true, expires at: 1751778587011
[debug] [2025-07-06T04:12:22.392Z] Checked if tokens are valid: true, expires at: 1751778587011
[debug] [2025-07-06T04:12:22.392Z] >>> [apiv2][query] GET https://cloudfunctions.googleapis.com/v2/projects/earthpol-insights/locations/us-central1/operations/operation-1751775114440-6393aed6c30af-75de0157-4d5da307 [none]
[debug] [2025-07-06T04:12:22.639Z] <<< [apiv2][status] GET https://cloudfunctions.googleapis.com/v2/projects/earthpol-insights/locations/us-central1/operations/operation-1751775114440-6393aed6c30af-75de0157-4d5da307 200
[debug] [2025-07-06T04:12:22.639Z] <<< [apiv2][body] GET https://cloudfunctions.googleapis.com/v2/projects/earthpol-insights/locations/us-central1/operations/operation-1751775114440-6393aed6c30af-75de0157-4d5da307 {"name":"projects/earthpol-insights/locations/us-central1/operations/operation-1751775114440-6393aed6c30af-75de0157-4d5da307","metadata":{"@type":"type.googleapis.com/google.cloud.functions.v2.OperationMetadata","createTime":"2025-07-06T04:11:55.537079953Z","target":"projects/earthpol-insights/locations/us-central1/functions/ssrearthpolinsights","verb":"update","cancelRequested":false,"apiVersion":"v2","requestResource":{"@type":"type.googleapis.com/google.cloud.functions.v2.Function","name":"projects/earthpol-insights/locations/us-central1/functions/ssrearthpolinsights","buildConfig":{"runtime":"nodejs20","entryPoint":"ssrearthpolinsights","source":{"storageSource":{"bucket":"gcf-v2-sources-550138244897-us-central1","object":"ssrearthpolinsights/function-source.zip","generation":"1751775115474118"}},"environmentVariables":{"GOOGLE_NODE_RUN_SCRIPTS":""},"dockerRepository":"projects/earthpol-insights/locations/us-central1/repositories/gcf-artifacts","sourceProvenance":{"resolvedStorageSource":{"bucket":"gcf-v2-sources-550138244897-us-central1","object":"ssrearthpolinsights/function-source.zip","generation":"1751728868719975"}},"dockerRegistry":"ARTIFACT_REGISTRY","serviceAccount":"projects/earthpol-insights/serviceAccounts/550138244897-compute@developer.gserviceaccount.com","automaticUpdatePolicy":{}},"serviceConfig":{"service":"projects/earthpol-insights/locations/us-central1/services/ssrearthpolinsights","timeoutSeconds":60,"environmentVariables":{"VERCEL_URL":"earthpol-insights.web.app","__FIREBASE_FRAMEWORKS_ENTRY__":"next.js","__FIREBASE_DEFAULTS__":"{\"config\":{\"projectId\":\"earthpol-insights\",\"appId\":\"1:550138244897:web:43fe595ea9bf57f7f29860\",\"storageBucket\":\"earthpol-insights.firebasestorage.app\",\"apiKey\":\"AIzaSyDgsO-AlUIsBrbKd8GDBygCMiOzqmSFv60\",\"authDomain\":\"earthpol-insights.firebaseapp.com\",\"messagingSenderId\":\"550138244897\",\"measurementId\":\"G-28X0Q0LFBF\"},\"_authTokenSyncURL\":\"/__session\"}","FIREBASE_CONFIG":"{\"projectId\":\"earthpol-insights\",\"storageBucket\":\"earthpol-insights.firebasestorage.app\"}","GCLOUD_PROJECT":"earthpol-insights","EVENTARC_CLOUD_EVENT_SOURCE":"projects/earthpol-insights/locations/us-central1/services/ssrearthpolinsights","FUNCTION_TARGET":"ssrearthpolinsights","LOG_EXECUTION_ID":"true"},"ingressSettings":"ALLOW_ALL","uri":"https://ssrearthpolinsights-flkpgqxtka-uc.a.run.app","serviceAccountEmail":"550138244897-compute@developer.gserviceaccount.com","availableMemory":"256Mi","allTrafficOnLatestRevision":true,"revision":"ssrearthpolinsights-00050-zud","maxInstanceRequestConcurrency":80,"availableCpu":"1"},"state":"ACTIVE","labels":{"deployment-tool":"cli-firebase","firebase-functions-codebase":"firebase-frameworks-earthpol-insights","firebase-functions-hash":"36ff9316acee68dc662e7a1b559a85ea55e068f2"},"environment":"GEN_2","url":"https://us-central1-earthpol-insights.cloudfunctions.net/ssrearthpolinsights","satisfiesPzi":true},"stages":[{"name":"BUILD","message":"Build in progress","state":"IN_PROGRESS","resource":"projects/550138244897/locations/us-central1/builds/3a71adf5-5ac4-492b-88a7-7adf9a2d6361","resourceUri":"https://console.cloud.google.com/cloud-build/builds;region=us-central1/3a71adf5-5ac4-492b-88a7-7adf9a2d6361?project=550138244897"},{"name":"SERVICE","state":"NOT_STARTED"}],"operationType":"UPDATE_FUNCTION","buildName":"projects/550138244897/locations/us-central1/builds/3a71adf5-5ac4-492b-88a7-7adf9a2d6361"},"done":false}
[debug] [2025-07-06T04:12:32.645Z] [update-firebase-frameworks-earthpol-insights-us-central1-ssrearthpolinsights] Retrying task index 0
[debug] [2025-07-06T04:12:32.645Z] Checked if tokens are valid: true, expires at: 1751778587011
[debug] [2025-07-06T04:12:32.645Z] Checked if tokens are valid: true, expires at: 1751778587011
[debug] [2025-07-06T04:12:32.645Z] >>> [apiv2][query] GET https://cloudfunctions.googleapis.com/v2/projects/earthpol-insights/locations/us-central1/operations/operation-1751775114440-6393aed6c30af-75de0157-4d5da307 [none]
[debug] [2025-07-06T04:12:32.926Z] <<< [apiv2][status] GET https://cloudfunctions.googleapis.com/v2/projects/earthpol-insights/locations/us-central1/operations/operation-1751775114440-6393aed6c30af-75de0157-4d5da307 200
[debug] [2025-07-06T04:12:32.926Z] <<< [apiv2][body] GET https://cloudfunctions.googleapis.com/v2/projects/earthpol-insights/locations/us-central1/operations/operation-1751775114440-6393aed6c30af-75de0157-4d5da307 {"name":"projects/earthpol-insights/locations/us-central1/operations/operation-1751775114440-6393aed6c30af-75de0157-4d5da307","metadata":{"@type":"type.googleapis.com/google.cloud.functions.v2.OperationMetadata","createTime":"2025-07-06T04:11:55.537079953Z","target":"projects/earthpol-insights/locations/us-central1/functions/ssrearthpolinsights","verb":"update","cancelRequested":false,"apiVersion":"v2","requestResource":{"@type":"type.googleapis.com/google.cloud.functions.v2.Function","name":"projects/earthpol-insights/locations/us-central1/functions/ssrearthpolinsights","buildConfig":{"runtime":"nodejs20","entryPoint":"ssrearthpolinsights","source":{"storageSource":{"bucket":"gcf-v2-sources-550138244897-us-central1","object":"ssrearthpolinsights/function-source.zip","generation":"1751775115474118"}},"environmentVariables":{"GOOGLE_NODE_RUN_SCRIPTS":""},"dockerRepository":"projects/earthpol-insights/locations/us-central1/repositories/gcf-artifacts","sourceProvenance":{"resolvedStorageSource":{"bucket":"gcf-v2-sources-550138244897-us-central1","object":"ssrearthpolinsights/function-source.zip","generation":"1751728868719975"}},"dockerRegistry":"ARTIFACT_REGISTRY","serviceAccount":"projects/earthpol-insights/serviceAccounts/550138244897-compute@developer.gserviceaccount.com","automaticUpdatePolicy":{}},"serviceConfig":{"service":"projects/earthpol-insights/locations/us-central1/services/ssrearthpolinsights","timeoutSeconds":60,"environmentVariables":{"VERCEL_URL":"earthpol-insights.web.app","__FIREBASE_FRAMEWORKS_ENTRY__":"next.js","__FIREBASE_DEFAULTS__":"{\"config\":{\"projectId\":\"earthpol-insights\",\"appId\":\"1:550138244897:web:43fe595ea9bf57f7f29860\",\"storageBucket\":\"earthpol-insights.firebasestorage.app\",\"apiKey\":\"AIzaSyDgsO-AlUIsBrbKd8GDBygCMiOzqmSFv60\",\"authDomain\":\"earthpol-insights.firebaseapp.com\",\"messagingSenderId\":\"550138244897\",\"measurementId\":\"G-28X0Q0LFBF\"},\"_authTokenSyncURL\":\"/__session\"}","FIREBASE_CONFIG":"{\"projectId\":\"earthpol-insights\",\"storageBucket\":\"earthpol-insights.firebasestorage.app\"}","GCLOUD_PROJECT":"earthpol-insights","EVENTARC_CLOUD_EVENT_SOURCE":"projects/earthpol-insights/locations/us-central1/services/ssrearthpolinsights","FUNCTION_TARGET":"ssrearthpolinsights","LOG_EXECUTION_ID":"true"},"ingressSettings":"ALLOW_ALL","uri":"https://ssrearthpolinsights-flkpgqxtka-uc.a.run.app","serviceAccountEmail":"550138244897-compute@developer.gserviceaccount.com","availableMemory":"256Mi","allTrafficOnLatestRevision":true,"revision":"ssrearthpolinsights-00050-zud","maxInstanceRequestConcurrency":80,"availableCpu":"1"},"state":"ACTIVE","labels":{"deployment-tool":"cli-firebase","firebase-functions-codebase":"firebase-frameworks-earthpol-insights","firebase-functions-hash":"36ff9316acee68dc662e7a1b559a85ea55e068f2"},"environment":"GEN_2","url":"https://us-central1-earthpol-insights.cloudfunctions.net/ssrearthpolinsights","satisfiesPzi":true},"stages":[{"name":"BUILD","message":"Build in progress","state":"IN_PROGRESS","resource":"projects/550138244897/locations/us-central1/builds/3a71adf5-5ac4-492b-88a7-7adf9a2d6361","resourceUri":"https://console.cloud.google.com/cloud-build/builds;region=us-central1/3a71adf5-5ac4-492b-88a7-7adf9a2d6361?project=550138244897"},{"name":"SERVICE","state":"NOT_STARTED"}],"operationType":"UPDATE_FUNCTION","buildName":"projects/550138244897/locations/us-central1/builds/3a71adf5-5ac4-492b-88a7-7adf9a2d6361"},"done":false}
[debug] [2025-07-06T04:13:29.822Z] [update-firebase-frameworks-earthpol-insights-us-central1-ssrearthpolinsights] Retrying task index 0
[debug] [2025-07-06T04:13:29.824Z] Checked if tokens are valid: true, expires at: 1751778587011
[debug] [2025-07-06T04:13:29.824Z] Checked if tokens are valid: true, expires at: 1751778587011
[debug] [2025-07-06T04:13:29.827Z] >>> [apiv2][query] GET https://cloudfunctions.googleapis.com/v2/projects/earthpol-insights/locations/us-central1/operations/operation-1751775114440-6393aed6c30af-75de0157-4d5da307 [none]
